window_start,window_end,container_id,name,image,proc_exits,proc_crashes,tcp_bytes_tx,tcp_bytes_rx,tcp_retrans,cpu_runtime_ns,sys_total,sys_file_open,sys_file_close,sys_file_read,sys_file_write,sys_file_unlink,sys_file_rename,sys_file_perm,sys_net_socket,sys_net_connect,sys_net_bind,sys_net_listen,sys_net_accept,sys_net_send,sys_net_recv,sys_proc_exec,sys_proc_fork,sys_proc_kill,sys_priv_escalate,sys_escape_attempt,sys_mem_layout,sys_other,cg_cpu_usage_ms,cg_cpu_throttle_pct,cg_mem_current_mb,cg_mem_pressure,cg_oom_kills,cg_io_read_mb,cg_io_write_mb
2026-06-23T23:28:48,2026-06-23T23:28:58,51e81cecdc070a402ec5515b6240127ea922e590c3379337b8d73956e72910c9,redis,redis:alpine,36,0,467,1535,0,28762832,22899,1204,1343,1539,135,0,1,0,44,88,0,0,88,44,88,44,1,0,572,0,1409,16299,0,0,0,0,0,0,0
2026-06-23T23:28:48,2026-06-23T23:28:58,,,,0,0,336397,330551,6,6315045652,0,0,0,0,0,0,0,0,0,0,0,0,0,0,0,0,0,0,0,0,0,0,0,0,0,0,0,0,0
2026-06-23T23:28:48,2026-06-23T23:28:58,b795ac5b7d6027cda863cc09bce83186820ab4c7ce50cffacbfff6e54a3cda4b,nginx,nginx:alpine,0,0,29484,2002,0,4504205,420,26,52,0,26,0,0,0,0,0,0,0,26,0,52,0,0,0,0,0,0,238,0,0,0,0,0,0,0
2026-06-23T23:28:48,2026-06-23T23:28:58,a6208cd1452e416dc1f93f23ac1231c925c18b8ecc8cb264ad5d8d3fcfdc7819,cid:a6208cd1452e,,0,0,188,1329,0,7548028,0,0,0,0,0,0,0,0,0,0,0,0,0,0,0,0,0,0,0,0,0,0,0,0,0,0,0,0,0
2026-06-23T23:28:48,2026-06-23T23:28:58,1d1fb25fa61345ba35b33838b4b982d01afbbf12f850a8a7cb43572c90ab7ffe,cid:1d1fb25fa613,,0,0,188,488,0,94984,0,0,0,0,0,0,0,0,0,0,0,0,0,0,0,0,0,0,0,0,0,0,0,0,0,0,0,0,0
2026-06-23T23:28:58,2026-06-23T23:29:08,51e81cecdc070a402ec5515b6240127ea922e590c3379337b8d73956e72910c9,redis,redis:alpine,44,0,633,2015,0,30150021,28741,1499,1667,1770,168,0,0,0,56,112,0,0,112,56,112,56,0,0,726,0,1794,20613,489971,0,8,0,0,19,4
2026-06-23T23:28:58,2026-06-23T23:29:08,,,,0,0,308537,285222,4,12818602163,0,0,0,0,0,0,0,0,0,0,0,0,0,0,0,0,0,0,0,0,0,0,0,0,0,0,0,0,0
2026-06-23T23:28:58,2026-06-23T23:29:08,b795ac5b7d6027cda863cc09bce83186820ab4c7ce50cffacbfff6e54a3cda4b,nginx,nginx:alpine,0,0,36288,2464,0,10349125,516,32,64,0,32,0,0,0,0,0,0,0,32,0,64,0,0,0,0,0,0,292,2743,0,2,0,0,8,3
2026-06-23T23:28:58,2026-06-23T23:29:08,a6208cd1452e416dc1f93f23ac1231c925c18b8ecc8cb264ad5d8d3fcfdc7819,cid:a6208cd1452e,,0,0,223,745,0,16127406,0,0,0,0,0,0,0,0,0,0,0,0,0,0,0,0,0,0,0,0,0,0,0,0,0,0,0,0,0
2026-06-23T23:28:58,2026-06-23T23:29:08,1d1fb25fa61345ba35b33838b4b982d01afbbf12f850a8a7cb43572c90ab7ffe,cid:1d1fb25fa613,,0,0,829,13030,0,17890782,0,0,0,0,0,0,0,0,0,0,0,0,0,0,0,0,0,0,0,0,0,0,0,0,0,0,0,0,0
2026-06-23T23:29:08,2026-06-23T23:29:18,66f1c0c25b8b35cb95f8313520b170436793dff4dad6bb01535d6c5ec67c28dd,cid:66f1c0c25b8b,,0,0,0,0,0,52572,0,0,0,0,0,0,0,0,0,0,0,0,0,0,0,0,0,0,0,0,0,0,0,0,0,0,0,0,0
2026-06-23T23:29:08,2026-06-23T23:29:18,51e81cecdc070a402ec5515b6240127ea922e590c3379337b8d73956e72910c9,redis,redis:alpine,37,0,616,1988,0,40228108,14264,750,834,882,84,0,0,0,28,56,0,0,56,28,56,28,0,0,362,0,899,10201,1454,0,8,0,0,0,0
2026-06-23T23:29:08,2026-06-23T23:29:18,,,,0,0,458088,376691,0,15699762823,0,0,0,0,0,0,0,0,0,0,0,0,0,0,0,0,0,0,0,0,0,0,0,0,0,0,0,0,0
2026-06-23T23:29:08,2026-06-23T23:29:18,b795ac5b7d6027cda863cc09bce83186820ab4c7ce50cffacbfff6e54a3cda4b,nginx,nginx:alpine,0,0,36288,2464,0,10191838,258,16,32,0,16,0,0,0,0,0,0,0,16,0,32,0,0,0,0,0,0,146,10,0,2,0,0,0,0
2026-06-23T23:29:08,2026-06-23T23:29:18,a6208cd1452e416dc1f93f23ac1231c925c18b8ecc8cb264ad5d8d3fcfdc7819,cid:a6208cd1452e,,0,0,2022,10827,0,21232834,0,0,0,0,0,0,0,0,0,0,0,0,0,0,0,0,0,0,0,0,0,0,0,0,0,0,0,0,0
2026-06-23T23:29:08,2026-06-23T23:29:18,1d1fb25fa61345ba35b33838b4b982d01afbbf12f850a8a7cb43572c90ab7ffe,cid:1d1fb25fa613,,0,0,7829,80718,0,37655093,0,0,0,0,0,0,0,0,0,0,0,0,0,0,0,0,0,0,0,0,0,0,0,0,0,0,0,0,0
2026-06-23T23:29:18,2026-06-23T23:29:28,51e81cecdc070a402ec5515b6240127ea922e590c3379337b8d73956e72910c9,redis,redis:alpine,41,0,621,2032,0,31309649,43095,2276,2531,2691,258,0,0,0,85,170,0,0,170,85,171,85,0,0,1101,0,2728,30744,1533,0,9,0,0,0,0
2026-06-23T23:29:18,2026-06-23T23:29:28,,,,0,0,324421,313753,0,15430214349,0,0,0,0,0,0,0,0,0,0,0,0,0,0,0,0,0,0,0,0,0,0,0,0,0,0,0,0,0
2026-06-23T23:29:18,2026-06-23T23:29:28,b795ac5b7d6027cda863cc09bce83186820ab4c7ce50cffacbfff6e54a3cda4b,nginx,nginx:alpine,0,0,36288,2464,0,10235898,774,48,96,0,48,0,0,0,0,0,0,0,48,0,96,0,0,0,0,0,0,438,9,0,2,0,0,0,0
2026-06-23T23:29:18,2026-06-23T23:29:28,a6208cd1452e416dc1f93f23ac1231c925c18b8ecc8cb264ad5d8d3fcfdc7819,cid:a6208cd1452e,,0,0,188,937,0,30664838,0,0,0,0,0,0,0,0,0,0,0,0,0,0,0,0,0,0,0,0,0,0,0,0,0,0,0,0,0
2026-06-23T23:29:18,2026-06-23T23:29:28,1d1fb25fa61345ba35b33838b4b982d01afbbf12f850a8a7cb43572c90ab7ffe,cid:1d1fb25fa613,,0,0,324,837,0,4043335,0,0,0,0,0,0,0,0,0,0,0,0,0,0,0,0,0,0,0,0,0,0,0,0,0,0,0,0,0
2026-06-23T23:29:18,2026-06-23T23:29:28,66f1c0c25b8b35cb95f8313520b170436793dff4dad6bb01535d6c5ec67c28dd,cid:66f1c0c25b8b,,0,0,0,0,0,0,0,0,0,0,0,0,0,0,0,0,0,0,0,0,0,0,0,0,0,0,0,0,0,0,0,0,0,0,0
2026-06-23T23:29:28,2026-06-23T23:29:38,b795ac5b7d6027cda863cc09bce83186820ab4c7ce50cffacbfff6e54a3cda4b,nginx,nginx:alpine,0,0,36288,2464,0,9562207,258,16,32,0,16,0,0,0,0,0,0,0,16,0,32,0,0,0,0,0,0,146,0,0,0,0,0,0,0
2026-06-23T23:29:28,2026-06-23T23:29:38,a6208cd1452e416dc1f93f23ac1231c925c18b8ecc8cb264ad5d8d3fcfdc7819,cid:a6208cd1452e,,0,0,188,1222,0,16555555,0,0,0,0,0,0,0,0,0,0,0,0,0,0,0,0,0,0,0,0,0,0,0,0,0,0,0,0,0
2026-06-23T23:29:28,2026-06-23T23:29:38,1d1fb25fa61345ba35b33838b4b982d01afbbf12f850a8a7cb43572c90ab7ffe,cid:1d1fb25fa613,,0,0,857,3316,0,6262163,0,0,0,0,0,0,0,0,0,0,0,0,0,0,0,0,0,0,0,0,0,0,0,0,0,0,0,0,0
2026-06-23T23:29:28,2026-06-23T23:29:38,66f1c0c25b8b35cb95f8313520b170436793dff4dad6bb01535d6c5ec67c28dd,cid:66f1c0c25b8b,,0,0,0,0,0,0,0,0,0,0,0,0,0,0,0,0,0,0,0,0,0,0,0,0,0,0,0,0,0,0,0,0,0,0,0
2026-06-23T23:29:28,2026-06-23T23:29:38,51e81cecdc070a402ec5515b6240127ea922e590c3379337b8d73956e72910c9,redis,redis:alpine,37,0,616,1988,0,30873683,14545,773,860,895,86,0,0,0,29,58,0,0,58,29,57,29,0,0,373,0,920,10378,0,0,0,0,0,0,0
2026-06-23T23:29:28,2026-06-23T23:29:38,,,,0,0,275691,276239,0,16817482219,0,0,0,0,0,0,0,0,0,0,0,0,0,0,0,0,0,0,0,0,0,0,0,0,0,0,0,0,0
2026-06-23T23:29:38,2026-06-23T23:29:48,,,,0,0,203045,198690,1,18420242742,0,0,0,0,0,0,0,0,0,0,0,0,0,0,0,0,0,0,0,0,0,0,0,0,0,0,0,0,0
2026-06-23T23:29:38,2026-06-23T23:29:48,b795ac5b7d6027cda863cc09bce83186820ab4c7ce50cffacbfff6e54a3cda4b,nginx,nginx:alpine,0,0,35154,2387,0,9878351,756,47,94,0,47,0,0,0,0,0,0,0,47,0,94,0,0,0,0,0,0,427,9,0,2,0,0,0,0
2026-06-23T23:29:38,2026-06-23T23:29:48,a6208cd1452e416dc1f93f23ac1231c925c18b8ecc8cb264ad5d8d3fcfdc7819,cid:a6208cd1452e,,0,0,188,829,0,15865329,0,0,0,0,0,0,0,0,0,0,0,0,0,0,0,0,0,0,0,0,0,0,0,0,0,0,0,0,0
2026-06-23T23:29:38,2026-06-23T23:29:48,1d1fb25fa61345ba35b33838b4b982d01afbbf12f850a8a7cb43572c90ab7ffe,cid:1d1fb25fa613,,0,0,468,1358,0,3049816,0,0,0,0,0,0,0,0,0,0,0,0,0,0,0,0,0,0,0,0,0,0,0,0,0,0,0,0,0
2026-06-23T23:29:38,2026-06-23T23:29:48,66f1c0c25b8b35cb95f8313520b170436793dff4dad6bb01535d6c5ec67c28dd,cid:66f1c0c25b8b,,0,0,0,0,0,0,0,0,0,0,0,0,0,0,0,0,0,0,0,0,0,0,0,0,0,0,0,0,0,0,0,0,0,0,0
2026-06-23T23:29:38,2026-06-23T23:29:48,51e81cecdc070a402ec5515b6240127ea922e590c3379337b8d73956e72910c9,redis,redis:alpine,45,0,611,1944,0,31416134,41602,2199,2445,2583,246,0,0,0,82,164,0,0,164,82,164,82,0,0,1058,0,2624,29709,1476,0,8,0,0,0,0
2026-06-23T23:29:48,2026-06-23T23:29:58,,,,0,0,322817,315753,10,19007930892,0,0,0,0,0,0,0,0,0,0,0,0,0,0,0,0,0,0,0,0,0,0,0,0,0,0,0,0,0
2026-06-23T23:29:48,2026-06-23T23:29:58,b795ac5b7d6027cda863cc09bce83186820ab4c7ce50cffacbfff6e54a3cda4b,nginx,nginx:alpine,0,0,36288,2464,0,9328339,516,32,64,0,32,0,0,0,0,0,0,0,32,0,64,0,0,0,0,0,0,292,9,0,2,0,0,0,0
2026-06-23T23:29:48,2026-06-23T23:29:58,a6208cd1452e416dc1f93f23ac1231c925c18b8ecc8cb264ad5d8d3fcfdc7819,cid:a6208cd1452e,,0,0,188,1329,0,15920219,0,0,0,0,0,0,0,0,0,0,0,0,0,0,0,0,0,0,0,0,0,0,0,0,0,0,0,0,0
2026-06-23T23:29:48,2026-06-23T23:29:58,1d1fb25fa61345ba35b33838b4b982d01afbbf12f850a8a7cb43572c90ab7ffe,cid:1d1fb25fa613,,0,0,188,488,0,3367707,0,0,0,0,0,0,0,0,0,0,0,0,0,0,0,0,0,0,0,0,0,0,0,0,0,0,0,0,0
2026-06-23T23:29:48,2026-06-23T23:29:58,66f1c0c25b8b35cb95f8313520b170436793dff4dad6bb01535d6c5ec67c28dd,cid:66f1c0c25b8b,,0,0,0,0,0,0,0,0,0,0,0,0,0,0,0,0,0,0,0,0,0,0,0,0,0,0,0,0,0,0,0,0,0,0,0
2026-06-23T23:29:48,2026-06-23T23:29:58,51e81cecdc070a402ec5515b6240127ea922e590c3379337b8d73956e72910c9,redis,redis:alpine,32,0,616,1988,0,30591685,28039,1499,1667,1763,168,0,0,0,56,112,0,0,112,56,112,56,0,0,728,0,1793,19917,1499,0,8,0,0,0,0
2026-06-23T23:29:58,2026-06-23T23:30:08,66f1c0c25b8b35cb95f8313520b170436793dff4dad6bb01535d6c5ec67c28dd,cid:66f1c0c25b8b,,0,0,0,0,0,0,0,0,0,0,0,0,0,0,0,0,0,0,0,0,0,0,0,0,0,0,0,0,0,0,0,0,0,0,0
2026-06-23T23:29:58,2026-06-23T23:30:08,51e81cecdc070a402ec5515b6240127ea922e590c3379337b8d73956e72910c9,redis,redis:alpine,35,0,594,1917,0,29986324,13199,702,780,831,79,0,0,0,26,52,0,0,52,26,53,26,0,0,336,0,840,9396,0,0,0,0,0,0,0
2026-06-23T23:29:58,2026-06-23T23:30:08,,,,0,0,219605,218184,5,20652538744,0,0,0,0,0,0,0,0,0,0,0,0,0,0,0,0,0,0,0,0,0,0,0,0,0,0,0,0,0
2026-06-23T23:29:58,2026-06-23T23:30:08,b795ac5b7d6027cda863cc09bce83186820ab4c7ce50cffacbfff6e54a3cda4b,nginx,nginx:alpine,0,0,36288,2464,0,10056526,258,16,32,0,16,0,0,0,0,0,0,0,16,0,32,0,0,0,0,0,0,146,0,0,0,0,0,0,0
2026-06-23T23:29:58,2026-06-23T23:30:08,a6208cd1452e416dc1f93f23ac1231c925c18b8ecc8cb264ad5d8d3fcfdc7819,cid:a6208cd1452e,,0,0,346,1039,0,16834732,0,0,0,0,0,0,0,0,0,0,0,0,0,0,0,0,0,0,0,0,0,0,0,0,0,0,0,0,0
2026-06-23T23:29:58,2026-06-23T23:30:08,1d1fb25fa61345ba35b33838b4b982d01afbbf12f850a8a7cb43572c90ab7ffe,cid:1d1fb25fa613,,0,0,945,2922,0,5348778,0,0,0,0,0,0,0,0,0,0,0,0,0,0,0,0,0,0,0,0,0,0,0,0,0,0,0,0,0
2026-06-23T23:30:08,2026-06-23T23:30:18,1d1fb25fa61345ba35b33838b4b982d01afbbf12f850a8a7cb43572c90ab7ffe,cid:1d1fb25fa613,,0,0,350,830,0,2801861,0,0,0,0,0,0,0,0,0,0,0,0,0,0,0,0,0,0,0,0,0,0,0,0,0,0,0,0,0
2026-06-23T23:30:08,2026-06-23T23:30:18,66f1c0c25b8b35cb95f8313520b170436793dff4dad6bb01535d6c5ec67c28dd,cid:66f1c0c25b8b,,0,0,0,0,0,3237909,0,0,0,0,0,0,0,0,0,0,0,0,0,0,0,0,0,0,0,0,0,0,0,0,0,0,0,0,0
2026-06-23T23:30:08,2026-06-23T23:30:18,51e81cecdc070a402ec5515b6240127ea922e590c3379337b8d73956e72910c9,redis,redis:alpine,36,0,577,1890,0,30845513,27058,1447,1609,1683,161,0,0,0,54,108,0,0,108,54,107,54,0,0,690,0,1720,19263,1477,0,10,0,0,0,0
2026-06-23T23:30:08,2026-06-23T23:30:18,,,,0,0,219940,210698,0,22884100117,0,0,0,0,0,0,0,0,0,0,0,0,0,0,0,0,0,0,0,0,0,0,0,0,0,0,0,0,0
2026-06-23T23:30:08,2026-06-23T23:30:18,b795ac5b7d6027cda863cc09bce83186820ab4c7ce50cffacbfff6e54a3cda4b,nginx,nginx:alpine,0,0,35154,2387,0,9553641,516,32,64,0,32,0,0,0,0,0,0,0,32,0,64,0,0,0,0,0,0,292,9,0,2,0,0,0,0
2026-06-23T23:30:08,2026-06-23T23:30:18,a6208cd1452e416dc1f93f23ac1231c925c18b8ecc8cb264ad5d8d3fcfdc7819,cid:a6208cd1452e,,0,0,223,2137,0,18926303,0,0,0,0,0,0,0,0,0,0,0,0,0,0,0,0,0,0,0,0,0,0,0,0,0,0,0,0,0
2026-06-23T23:30:18,2026-06-23T23:30:28,51e81cecdc070a402ec5515b6240127ea922e590c3379337b8d73956e72910c9,redis,redis:alpine,40,0,611,1944,0,31017110,26966,1449,1611,1704,163,0,0,0,54,108,0,0,108,54,108,54,0,0,694,0,1729,19130,0,0,0,0,0,0,0
2026-06-23T23:30:18,2026-06-23T23:30:28,,,,0,0,328891,318571,6,22453374294,0,0,0,0,0,0,0,0,0,0,0,0,0,0,0,0,0,0,0,0,0,0,0,0,0,0,0,0,0
2026-06-23T23:30:18,2026-06-23T23:30:28,b795ac5b7d6027cda863cc09bce83186820ab4c7ce50cffacbfff6e54a3cda4b,nginx,nginx:alpine,0,0,36288,2464,0,9531244,500,31,62,0,31,0,0,0,0,0,0,0,31,0,62,0,0,0,0,0,0,283,0,0,0,0,0,0,0
2026-06-23T23:30:18,2026-06-23T23:30:28,a6208cd1452e416dc1f93f23ac1231c925c18b8ecc8cb264ad5d8d3fcfdc7819,cid:a6208cd1452e,,0,0,370,1235,0,18105076,0,0,0,0,0,0,0,0,0,0,0,0,0,0,0,0,0,0,0,0,0,0,0,0,0,0,0,0,0
2026-06-23T23:30:18,2026-06-23T23:30:28,1d1fb25fa61345ba35b33838b4b982d01afbbf12f850a8a7cb43572c90ab7ffe,cid:1d1fb25fa613,,0,0,1471,948,0,3367143,0,0,0,0,0,0,0,0,0,0,0,0,0,0,0,0,0,0,0,0,0,0,0,0,0,0,0,0,0
2026-06-23T23:30:18,2026-06-23T23:30:28,66f1c0c25b8b35cb95f8313520b170436793dff4dad6bb01535d6c5ec67c28dd,cid:66f1c0c25b8b,,0,0,0,0,0,0,0,0,0,0,0,0,0,0,0,0,0,0,0,0,0,0,0,0,0,0,0,0,0,0,0,0,0,0,0
2026-06-23T23:30:28,2026-06-23T23:30:38,51e81cecdc070a402ec5515b6240127ea922e590c3379337b8d73956e72910c9,redis,redis:alpine,51,0,638,2059,0,30358572,28950,1524,1695,1799,172,0,0,0,57,114,0,0,114,57,114,57,0,0,739,0,1824,20684,1477,0,8,0,0,0,0
2026-06-23T23:30:28,2026-06-23T23:30:38,,,,0,0,284980,261816,35,15011791790,0,0,0,0,0,0,0,0,0,0,0,0,0,0,0,0,0,0,0,0,0,0,0,0,0,0,0,0,0
2026-06-23T23:30:28,2026-06-23T23:30:38,b795ac5b7d6027cda863cc09bce83186820ab4c7ce50cffacbfff6e54a3cda4b,nginx,nginx:alpine,0,0,36288,2464,0,9645113,516,32,64,0,32,0,0,0,0,0,0,0,32,0,64,0,0,0,0,0,0,292,9,0,2,0,0,0,0
2026-06-23T23:30:28,2026-06-23T23:30:38,a6208cd1452e416dc1f93f23ac1231c925c18b8ecc8cb264ad5d8d3fcfdc7819,cid:a6208cd1452e,,0,0,365,1590,0,15593592,0,0,0,0,0,0,0,0,0,0,0,0,0,0,0,0,0,0,0,0,0,0,0,0,0,0,0,0,0
2026-06-23T23:30:28,2026-06-23T23:30:38,1d1fb25fa61345ba35b33838b4b982d01afbbf12f850a8a7cb43572c90ab7ffe,cid:1d1fb25fa613,,0,0,1568,13319,0,9869282,0,0,0,0,0,0,0,0,0,0,0,0,0,0,0,0,0,0,0,0,0,0,0,0,0,0,0,0,0
2026-06-23T23:30:28,2026-06-23T23:30:38,66f1c0c25b8b35cb95f8313520b170436793dff4dad6bb01535d6c5ec67c28dd,cid:66f1c0c25b8b,,0,0,0,0,0,0,0,0,0,0,0,0,0,0,0,0,0,0,0,0,0,0,0,0,0,0,0,0,0,0,0,0,0,0,0
2026-06-23T23:30:38,2026-06-23T23:30:48,b795ac5b7d6027cda863cc09bce83186820ab4c7ce50cffacbfff6e54a3cda4b,nginx,nginx:alpine,0,0,36288,2464,0,9800046,774,48,96,0,48,0,0,0,0,0,0,0,48,0,96,0,0,0,0,0,0,438,9,0,2,0,0,0,0
2026-06-23T23:30:38,2026-06-23T23:30:48,a6208cd1452e416dc1f93f23ac1231c925c18b8ecc8cb264ad5d8d3fcfdc7819,cid:a6208cd1452e,,0,0,1804,1631,0,17979575,0,0,0,0,0,0,0,0,0,0,0,0,0,0,0,0,0,0,0,0,0,0,0,0,0,0,0,0,0
2026-06-23T23:30:38,2026-06-23T23:30:48,1d1fb25fa61345ba35b33838b4b982d01afbbf12f850a8a7cb43572c90ab7ffe,cid:1d1fb25fa613,,0,0,765,10928,0,8720622,0,0,0,0,0,0,0,0,0,0,0,0,0,0,0,0,0,0,0,0,0,0,0,0,0,0,0,0,0
2026-06-23T23:30:38,2026-06-23T23:30:48,66f1c0c25b8b35cb95f8313520b170436793dff4dad6bb01535d6c5ec67c28dd,cid:66f1c0c25b8b,,0,0,0,0,0,0,0,0,0,0,0,0,0,0,0,0,0,0,0,0,0,0,0,0,0,0,0,0,0,0,0,0,0,0,0
2026-06-23T23:30:38,2026-06-23T23:30:48,51e81cecdc070a402ec5515b6240127ea922e590c3379337b8d73956e72910c9,redis,redis:alpine,44,0,638,2059,0,30456870,44636,2325,2586,2746,262,0,0,0,87,174,0,0,174,87,174,87,0,0,1131,0,2784,32019,1496,0,8,0,0,0,0
2026-06-23T23:30:38,2026-06-23T23:30:48,,,,0,0,271642,267661,4,13182704548,0,0,0,0,0,0,0,0,0,0,0,0,0,0,0,0,0,0,0,0,0,0,0,0,0,0,0,0,0
2026-06-23T23:30:48,2026-06-23T23:30:58,a6208cd1452e416dc1f93f23ac1231c925c18b8ecc8cb264ad5d8d3fcfdc7819,cid:a6208cd1452e,,0,0,223,1077,0,18379693,0,0,0,0,0,0,0,0,0,0,0,0,0,0,0,0,0,0,0,0,0,0,0,0,0,0,0,0,0
2026-06-23T23:30:48,2026-06-23T23:30:58,1d1fb25fa61345ba35b33838b4b982d01afbbf12f850a8a7cb43572c90ab7ffe,cid:1d1fb25fa613,,0,0,1281,4536,0,3994707,0,0,0,0,0,0,0,0,0,0,0,0,0,0,0,0,0,0,0,0,0,0,0,0,0,0,0,0,0
2026-06-23T23:30:48,2026-06-23T23:30:58,66f1c0c25b8b35cb95f8313520b170436793dff4dad6bb01535d6c5ec67c28dd,cid:66f1c0c25b8b,,0,0,0,0,0,0,0,0,0,0,0,0,0,0,0,0,0,0,0,0,0,0,0,0,0,0,0,0,0,0,0,0,0,0,0
2026-06-23T23:30:48,2026-06-23T23:30:58,d3567a7fa093d73cd35e0e03848edc3fe6ce4be4788ce7e2277cfa6bc8681a54,atk_1_01_recon_filescan,anomaly-clean:latest,187,0,0,0,0,77941139,0,0,0,0,0,0,0,0,0,0,0,0,0,0,0,0,0,0,0,0,0,0,7246,0,9,0,0,3,0
2026-06-23T23:30:48,2026-06-23T23:30:58,51e81cecdc070a402ec5515b6240127ea922e590c3379337b8d73956e72910c9,redis,redis:alpine,47,0,572,1846,0,30633162,13009,699,777,819,78,0,0,0,26,52,0,0,52,26,52,26,0,0,328,0,835,9239,1456,0,8,0,0,0,0
2026-06-23T23:30:48,2026-06-23T23:30:58,,,,0,0,342169,333610,9,17618285190,0,0,0,0,0,0,0,0,0,0,0,0,0,0,0,0,0,0,0,0,0,0,0,0,0,0,0,0,0
2026-06-23T23:30:48,2026-06-23T23:30:58,b795ac5b7d6027cda863cc09bce83186820ab4c7ce50cffacbfff6e54a3cda4b,nginx,nginx:alpine,0,0,36288,2464,0,9654389,258,16,32,0,16,0,0,0,0,0,0,0,16,0,32,0,0,0,0,0,0,146,9,0,2,0,0,0,0
2026-06-23T23:30:58,2026-06-23T23:31:08,a6208cd1452e416dc1f93f23ac1231c925c18b8ecc8cb264ad5d8d3fcfdc7819,cid:a6208cd1452e,,0,0,475,1369,0,17534611,0,0,0,0,0,0,0,0,0,0,0,0,0,0,0,0,0,0,0,0,0,0,0,0,0,0,0,0,0
2026-06-23T23:30:58,2026-06-23T23:31:08,1d1fb25fa61345ba35b33838b4b982d01afbbf12f850a8a7cb43572c90ab7ffe,cid:1d1fb25fa613,,0,0,877,2889,0,20145178,0,0,0,0,0,0,0,0,0,0,0,0,0,0,0,0,0,0,0,0,0,0,0,0,0,0,0,0,0
2026-06-23T23:30:58,2026-06-23T23:31:08,66f1c0c25b8b35cb95f8313520b170436793dff4dad6bb01535d6c5ec67c28dd,cid:66f1c0c25b8b,,0,0,0,0,0,0,0,0,0,0,0,0,0,0,0,0,0,0,0,0,0,0,0,0,0,0,0,0,0,0,0,0,0,0,0
2026-06-23T23:30:58,2026-06-23T23:31:08,d3567a7fa093d73cd35e0e03848edc3fe6ce4be4788ce7e2277cfa6bc8681a54,atk_1_01_recon_filescan,anomaly-clean:latest,242,0,0,0,0,162433125,4890548,264059,1347086,7067,2867,0,0,0,0,0,0,0,0,0,0,549,549,0,0,0,13067,3255304,9791,0,9,0,0,0,0
2026-06-23T23:30:58,2026-06-23T23:31:08,51e81cecdc070a402ec5515b6240127ea922e590c3379337b8d73956e72910c9,redis,redis:alpine,44,0,572,1846,0,30720045,26336,1399,1555,1637,156,0,0,0,52,104,0,0,104,52,104,52,0,0,674,0,1668,18779,1465,0,8,0,0,0,0
2026-06-23T23:30:58,2026-06-23T23:31:08,,,,0,0,243149,235431,3,26399403170,0,0,0,0,0,0,0,0,0,0,0,0,0,0,0,0,0,0,0,0,0,0,0,0,0,0,0,0,0
2026-06-23T23:30:58,2026-06-23T23:31:08,b795ac5b7d6027cda863cc09bce83186820ab4c7ce50cffacbfff6e54a3cda4b,nginx,nginx:alpine,0,0,35154,2387,0,9581479,516,32,64,0,32,0,0,0,0,0,0,0,32,0,64,0,0,0,0,0,0,292,0,0,0,0,0,0,0
2026-06-23T23:31:08,2026-06-23T23:31:18,,,,0,0,216307,216775,1,28212568984,0,0,0,0,0,0,0,0,0,0,0,0,0,0,0,0,0,0,0,0,0,0,0,0,0,0,0,0,0
2026-06-23T23:31:08,2026-06-23T23:31:18,b795ac5b7d6027cda863cc09bce83186820ab4c7ce50cffacbfff6e54a3cda4b,nginx,nginx:alpine,0,0,36288,2464,0,9280637,758,47,94,0,47,0,0,0,0,0,0,0,47,0,94,0,0,0,0,0,0,429,9,0,2,0,0,0,0
2026-06-23T23:31:08,2026-06-23T23:31:18,a6208cd1452e416dc1f93f23ac1231c925c18b8ecc8cb264ad5d8d3fcfdc7819,cid:a6208cd1452e,,0,0,346,1746,0,19453507,0,0,0,0,0,0,0,0,0,0,0,0,0,0,0,0,0,0,0,0,0,0,0,0,0,0,0,0,0
2026-06-23T23:31:08,2026-06-23T23:31:18,1d1fb25fa61345ba35b33838b4b982d01afbbf12f850a8a7cb43572c90ab7ffe,cid:1d1fb25fa613,,0,0,188,532,0,2560816,0,0,0,0,0,0,0,0,0,0,0,0,0,0,0,0,0,0,0,0,0,0,0,0,0,0,0,0,0
2026-06-23T23:31:08,2026-06-23T23:31:18,66f1c0c25b8b35cb95f8313520b170436793dff4dad6bb01535d6c5ec67c28dd,cid:66f1c0c25b8b,,0,0,0,0,0,67779,0,0,0,0,0,0,0,0,0,0,0,0,0,0,0,0,0,0,0,0,0,0,0,0,0,0,0,0,0
2026-06-23T23:31:08,2026-06-23T23:31:18,d3567a7fa093d73cd35e0e03848edc3fe6ce4be4788ce7e2277cfa6bc8681a54,atk_1_01_recon_filescan,anomaly-clean:latest,182,0,0,0,0,229824155,5870312,316837,1617119,8347,3435,0,0,0,0,0,0,0,0,0,0,660,660,0,0,0,15678,3907576,0,0,0,0,0,0,0
2026-06-23T23:31:08,2026-06-23T23:31:18,51e81cecdc070a402ec5515b6240127ea922e590c3379337b8d73956e72910c9,redis,redis:alpine,40,0,550,1775,0,30829800,38056,2050,2277,2408,229,0,0,0,76,152,0,0,152,76,152,76,2,0,976,0,2443,26987,0,0,0,0,0,0,0
2026-06-23T23:31:18,2026-06-23T23:31:28,,,,0,0,322991,316324,4,23126667669,0,0,0,0,0,0,0,0,0,0,0,0,0,0,0,0,0,0,0,0,0,0,0,0,0,0,0,0,0
2026-06-23T23:31:18,2026-06-23T23:31:28,b795ac5b7d6027cda863cc09bce83186820ab4c7ce50cffacbfff6e54a3cda4b,nginx,nginx:alpine,0,0,35154,2387,0,9354764,500,31,62,0,31,0,0,0,0,0,0,0,31,0,62,0,0,0,0,0,0,283,9,0,2,0,0,0,0
2026-06-23T23:31:18,2026-06-23T23:31:28,a6208cd1452e416dc1f93f23ac1231c925c18b8ecc8cb264ad5d8d3fcfdc7819,cid:a6208cd1452e,,0,0,188,1239,0,25905657,0,0,0,0,0,0,0,0,0,0,0,0,0,0,0,0,0,0,0,0,0,0,0,0,0,0,0,0,0
2026-06-23T23:31:18,2026-06-23T23:31:28,1d1fb25fa61345ba35b33838b4b982d01afbbf12f850a8a7cb43572c90ab7ffe,cid:1d1fb25fa613,,0,0,188,508,0,1953834,0,0,0,0,0,0,0,0,0,0,0,0,0,0,0,0,0,0,0,0,0,0,0,0,0,0,0,0,0
2026-06-23T23:31:18,2026-06-23T23:31:28,66f1c0c25b8b35cb95f8313520b170436793dff4dad6bb01535d6c5ec67c28dd,cid:66f1c0c25b8b,,0,0,0,0,0,0,0,0,0,0,0,0,0,0,0,0,0,0,0,0,0,0,0,0,0,0,0,0,0,0,0,0,0,0,0
2026-06-23T23:31:18,2026-06-23T23:31:28,d3567a7fa093d73cd35e0e03848edc3fe6ce4be4788ce7e2277cfa6bc8681a54,atk_1_01_recon_filescan,anomaly-clean:latest,0,0,0,0,0,0,0,0,0,0,0,0,0,0,0,0,0,0,0,0,0,0,0,0,0,0,0,0,0,0,0,0,0,0,0
2026-06-23T23:31:18,2026-06-23T23:31:28,de4df84ce3e0041e6a811ef7fd5e47389c69f0ea9137e7f8676f995449a2282a,atk_2_02_recon_sensitive,anomaly-clean:latest,2199,0,0,0,0,234624288,377738,26905,56250,32610,14411,0,0,0,0,0,0,0,0,0,0,5435,5435,0,0,0,83700,152992,5518,0,1,0,0,0,0
2026-06-23T23:31:18,2026-06-23T23:31:28,51e81cecdc070a402ec5515b6240127ea922e590c3379337b8d73956e72910c9,redis,redis:alpine,41,0,572,1846,0,34509716,25658,1400,1555,1645,157,0,0,0,52,104,0,0,104,52,104,52,1,0,668,0,1673,18091,1464,0,8,0,0,0,0
2026-06-23T23:31:28,2026-06-23T23:31:38,de4df84ce3e0041e6a811ef7fd5e47389c69f0ea9137e7f8676f995449a2282a,atk_2_02_recon_sensitive,anomaly-clean:latest,3407,0,0,0,0,1037251553,373133,26575,55570,32210,14225,0,0,0,0,0,0,0,0,0,0,5369,5369,0,0,0,82679,151136,0,0,0,0,0,0,0
2026-06-23T23:31:28,2026-06-23T23:31:38,51e81cecdc070a402ec5515b6240127ea922e590c3379337b8d73956e72910c9,redis,redis:alpine,46,0,572,1846,0,31449530,12569,700,778,826,79,0,0,0,26,52,0,0,52,26,52,26,0,0,328,0,835,8789,0,0,0,0,0,0,0
2026-06-23T23:31:28,2026-06-23T23:31:38,,,,0,0,320104,285947,2,27643333140,0,0,0,0,0,0,0,0,0,0,0,0,0,0,0,0,0,0,0,0,0,0,0,0,0,0,0,0,0
2026-06-23T23:31:28,2026-06-23T23:31:38,b795ac5b7d6027cda863cc09bce83186820ab4c7ce50cffacbfff6e54a3cda4b,nginx,nginx:alpine,0,0,36288,2464,0,9176781,258,16,32,0,16,0,0,0,0,0,0,0,16,0,32,0,0,0,0,0,0,146,0,0,0,0,0,0,0
2026-06-23T23:31:28,2026-06-23T23:31:38,a6208cd1452e416dc1f93f23ac1231c925c18b8ecc8cb264ad5d8d3fcfdc7819,cid:a6208cd1452e,,0,0,223,1346,0,16849251,0,0,0,0,0,0,0,0,0,0,0,0,0,0,0,0,0,0,0,0,0,0,0,0,0,0,0,0,0
2026-06-23T23:31:28,2026-06-23T23:31:38,1d1fb25fa61345ba35b33838b4b982d01afbbf12f850a8a7cb43572c90ab7ffe,cid:1d1fb25fa613,,0,0,800,13110,0,5186132,0,0,0,0,0,0,0,0,0,0,0,0,0,0,0,0,0,0,0,0,0,0,0,0,0,0,0,0,0
2026-06-23T23:31:28,2026-06-23T23:31:38,66f1c0c25b8b35cb95f8313520b170436793dff4dad6bb01535d6c5ec67c28dd,cid:66f1c0c25b8b,,0,0,0,0,0,0,0,0,0,0,0,0,0,0,0,0,0,0,0,0,0,0,0,0,0,0,0,0,0,0,0,0,0,0,0
2026-06-23T23:31:28,2026-06-23T23:31:38,d3567a7fa093d73cd35e0e03848edc3fe6ce4be4788ce7e2277cfa6bc8681a54,atk_1_01_recon_filescan,anomaly-clean:latest,0,0,0,0,0,0,0,0,0,0,0,0,0,0,0,0,0,0,0,0,0,0,0,0,0,0,0,0,0,0,0,0,0,0,0
2026-06-23T23:31:38,2026-06-23T23:31:48,a6208cd1452e416dc1f93f23ac1231c925c18b8ecc8cb264ad5d8d3fcfdc7819,cid:a6208cd1452e,,0,0,188,873,0,16247619,0,0,0,0,0,0,0,0,0,0,0,0,0,0,0,0,0,0,0,0,0,0,0,0,0,0,0,0,0
2026-06-23T23:31:38,2026-06-23T23:31:48,1d1fb25fa61345ba35b33838b4b982d01afbbf12f850a8a7cb43572c90ab7ffe,cid:1d1fb25fa613,,0,0,236,11523,0,4574148,0,0,0,0,0,0,0,0,0,0,0,0,0,0,0,0,0,0,0,0,0,0,0,0,0,0,0,0,0
2026-06-23T23:31:38,2026-06-23T23:31:48,66f1c0c25b8b35cb95f8313520b170436793dff4dad6bb01535d6c5ec67c28dd,cid:66f1c0c25b8b,,0,0,0,0,0,0,0,0,0,0,0,0,0,0,0,0,0,0,0,0,0,0,0,0,0,0,0,0,0,0,0,0,0,0,0
2026-06-23T23:31:38,2026-06-23T23:31:48,d3567a7fa093d73cd35e0e03848edc3fe6ce4be4788ce7e2277cfa6bc8681a54,atk_1_01_recon_filescan,anomaly-clean:latest,0,0,0,0,0,0,0,0,0,0,0,0,0,0,0,0,0,0,0,0,0,0,0,0,0,0,0,0,0,0,0,0,0,0,0
2026-06-23T23:31:38,2026-06-23T23:31:48,de4df84ce3e0041e6a811ef7fd5e47389c69f0ea9137e7f8676f995449a2282a,atk_2_02_recon_sensitive,anomaly-clean:latest,2645,0,0,0,0,1045351946,924878,65872,137730,79845,35274,0,0,0,0,0,0,0,0,0,0,13307,13307,0,0,0,204940,374603,7940,0,0,0,0,0,0
2026-06-23T23:31:38,2026-06-23T23:31:48,51e81cecdc070a402ec5515b6240127ea922e590c3379337b8d73956e72910c9,redis,redis:alpine,38,0,550,1775,0,31029631,37709,2075,2305,2436,231,0,0,0,77,154,0,0,154,77,154,77,1,0,995,0,2476,26497,1453,0,8,0,0,0,0
2026-06-23T23:31:38,2026-06-23T23:31:48,,,,0,0,332560,311116,0,28137299886,0,0,0,0,0,0,0,0,0,0,0,0,0,0,0,0,0,0,0,0,0,0,0,0,0,0,0,0,0
2026-06-23T23:31:38,2026-06-23T23:31:48,b795ac5b7d6027cda863cc09bce83186820ab4c7ce50cffacbfff6e54a3cda4b,nginx,nginx:alpine,0,0,35154,2387,0,9443433,758,47,94,0,47,0,0,0,0,0,0,0,47,0,94,0,0,0,0,0,0,429,9,0,2,0,0,0,0
2026-06-23T23:31:48,2026-06-23T23:31:58,51e81cecdc070a402ec5515b6240127ea922e590c3379337b8d73956e72910c9,redis,redis:alpine,41,0,577,1890,0,30984852,26608,1425,1583,1669,159,0,0,0,53,106,0,0,106,53,106,53,3,0,685,0,1712,18895,1493,0,8,0,0,0,0
2026-06-23T23:31:48,2026-06-23T23:31:58,b795ac5b7d6027cda863cc09bce83186820ab4c7ce50cffacbfff6e54a3cda4b,nginx,nginx:alpine,0,0,36288,2464,0,9977230,516,32,64,0,32,0,0,0,0,0,0,0,32,0,64,0,0,0,0,0,0,292,10,0,2,0,0,0,0
2026-06-23T23:31:48,2026-06-23T23:31:58,ea4873036379229eab573e2ee9e512b9d9444594a357284701e478ccd8d3a81a,atk_3_03_net_scan,anomaly-clean:latest,65,0,0,0,0,51873676,49471,4105,5047,4685,6,0,0,0,481,388,5,0,0,12,28,111,116,0,0,0,21068,13419,1369,0,12,0,0,10,0
2026-06-23T23:31:48,2026-06-23T23:31:58,,,,0,0,354999,354860,1,25012570514,0,0,0,0,0,0,0,0,0,0,0,0,0,0,0,0,0,0,0,0,0,0,0,0,0,0,0,0,0
2026-06-23T23:31:48,2026-06-23T23:31:58,a6208cd1452e416dc1f93f23ac1231c925c18b8ecc8cb264ad5d8d3fcfdc7819,cid:a6208cd1452e,,0,0,317,1554,0,18586215,0,0,0,0,0,0,0,0,0,0,0,0,0,0,0,0,0,0,0,0,0,0,0,0,0,0,0,0,0
2026-06-23T23:31:48,2026-06-23T23:31:58,1d1fb25fa61345ba35b33838b4b982d01afbbf12f850a8a7cb43572c90ab7ffe,cid:1d1fb25fa613,,0,0,188,220,0,3677933,0,0,0,0,0,0,0,0,0,0,0,0,0,0,0,0,0,0,0,0,0,0,0,0,0,0,0,0,0
2026-06-23T23:31:48,2026-06-23T23:31:58,66f1c0c25b8b35cb95f8313520b170436793dff4dad6bb01535d6c5ec67c28dd,cid:66f1c0c25b8b,,0,0,0,0,0,0,0,0,0,0,0,0,0,0,0,0,0,0,0,0,0,0,0,0,0,0,0,0,0,0,0,0,0,0,0
2026-06-23T23:31:48,2026-06-23T23:31:58,d3567a7fa093d73cd35e0e03848edc3fe6ce4be4788ce7e2277cfa6bc8681a54,atk_1_01_recon_filescan,anomaly-clean:latest,0,0,0,0,0,0,0,0,0,0,0,0,0,0,0,0,0,0,0,0,0,0,0,0,0,0,0,0,0,0,0,0,0,0,0
2026-06-23T23:31:48,2026-06-23T23:31:58,de4df84ce3e0041e6a811ef7fd5e47389c69f0ea9137e7f8676f995449a2282a,atk_2_02_recon_sensitive,anomaly-clean:latest,0,0,0,0,0,0,0,0,0,0,0,0,0,0,0,0,0,0,0,0,0,0,0,0,0,0,0,0,0,0,0,0,0,0,0
2026-06-23T23:31:58,2026-06-23T23:32:08,a6208cd1452e416dc1f93f23ac1231c925c18b8ecc8cb264ad5d8d3fcfdc7819,cid:a6208cd1452e,,0,0,188,837,0,16302314,0,0,0,0,0,0,0,0,0,0,0,0,0,0,0,0,0,0,0,0,0,0,0,0,0,0,0,0,0
2026-06-23T23:31:58,2026-06-23T23:32:08,1d1fb25fa61345ba35b33838b4b982d01afbbf12f850a8a7cb43572c90ab7ffe,cid:1d1fb25fa613,,0,0,717,2990,0,4853211,0,0,0,0,0,0,0,0,0,0,0,0,0,0,0,0,0,0,0,0,0,0,0,0,0,0,0,0,0
2026-06-23T23:31:58,2026-06-23T23:32:08,66f1c0c25b8b35cb95f8313520b170436793dff4dad6bb01535d6c5ec67c28dd,cid:66f1c0c25b8b,,0,0,0,0,0,0,0,0,0,0,0,0,0,0,0,0,0,0,0,0,0,0,0,0,0,0,0,0,0,0,0,0,0,0,0
2026-06-23T23:31:58,2026-06-23T23:32:08,d3567a7fa093d73cd35e0e03848edc3fe6ce4be4788ce7e2277cfa6bc8681a54,atk_1_01_recon_filescan,anomaly-clean:latest,0,0,0,0,0,0,0,0,0,0,0,0,0,0,0,0,0,0,0,0,0,0,0,0,0,0,0,0,0,0,0,0,0,0,0
2026-06-23T23:31:58,2026-06-23T23:32:08,de4df84ce3e0041e6a811ef7fd5e47389c69f0ea9137e7f8676f995449a2282a,atk_2_02_recon_sensitive,anomaly-clean:latest,0,0,0,0,0,0,0,0,0,0,0,0,0,0,0,0,0,0,0,0,0,0,0,0,0,0,0,0,0,0,0,0,0,0,0
2026-06-23T23:31:58,2026-06-23T23:32:08,51e81cecdc070a402ec5515b6240127ea922e590c3379337b8d73956e72910c9,redis,redis:alpine,41,0,594,1917,0,31465878,26878,1449,1611,1702,162,0,0,0,54,108,0,0,108,54,108,54,0,0,698,0,1729,19041,1475,0,8,0,0,0,0
2026-06-23T23:31:58,2026-06-23T23:32:08,b795ac5b7d6027cda863cc09bce83186820ab4c7ce50cffacbfff6e54a3cda4b,nginx,nginx:alpine,0,0,35154,2387,0,9417440,516,32,64,0,32,0,0,0,0,0,0,0,32,0,64,0,0,0,0,0,0,292,9,0,2,0,0,0,0
2026-06-23T23:31:58,2026-06-23T23:32:08,ea4873036379229eab573e2ee9e512b9d9444594a357284701e478ccd8d3a81a,atk_3_03_net_scan,anomaly-clean:latest,99,0,0,0,0,41171353,147154,12227,15024,13947,25,0,0,0,1408,1128,13,0,0,37,79,333,346,0,0,0,62790,39797,2285,0,13,0,0,0,0
2026-06-23T23:31:58,2026-06-23T23:32:08,,,,0,0,330232,331502,1,25539035110,0,0,0,0,0,0,0,0,0,0,0,0,0,0,0,0,0,0,0,0,0,0,0,0,0,0,0,0,0
2026-06-23T23:32:08,2026-06-23T23:32:18,,,,0,0,346289,349864,3,19730895642,0,0,0,0,0,0,0,0,0,0,0,0,0,0,0,0,0,0,0,0,0,0,0,0,0,0,0,0,0
2026-06-23T23:32:08,2026-06-23T23:32:18,a6208cd1452e416dc1f93f23ac1231c925c18b8ecc8cb264ad5d8d3fcfdc7819,cid:a6208cd1452e,,0,0,188,2084,0,17174519,0,0,0,0,0,0,0,0,0,0,0,0,0,0,0,0,0,0,0,0,0,0,0,0,0,0,0,0,0
2026-06-23T23:32:08,2026-06-23T23:32:18,1d1fb25fa61345ba35b33838b4b982d01afbbf12f850a8a7cb43572c90ab7ffe,cid:1d1fb25fa613,,0,0,188,532,0,2058923,0,0,0,0,0,0,0,0,0,0,0,0,0,0,0,0,0,0,0,0,0,0,0,0,0,0,0,0,0
2026-06-23T23:32:08,2026-06-23T23:32:18,66f1c0c25b8b35cb95f8313520b170436793dff4dad6bb01535d6c5ec67c28dd,cid:66f1c0c25b8b,,0,0,0,0,0,4506744,0,0,0,0,0,0,0,0,0,0,0,0,0,0,0,0,0,0,0,0,0,0,0,0,0,0,0,0,0
2026-06-23T23:32:08,2026-06-23T23:32:18,d3567a7fa093d73cd35e0e03848edc3fe6ce4be4788ce7e2277cfa6bc8681a54,atk_1_01_recon_filescan,anomaly-clean:latest,0,0,0,0,0,0,0,0,0,0,0,0,0,0,0,0,0,0,0,0,0,0,0,0,0,0,0,0,0,0,0,0,0,0,0
2026-06-23T23:32:08,2026-06-23T23:32:18,de4df84ce3e0041e6a811ef7fd5e47389c69f0ea9137e7f8676f995449a2282a,atk_2_02_recon_sensitive,anomaly-clean:latest,0,0,0,0,0,0,0,0,0,0,0,0,0,0,0,0,0,0,0,0,0,0,0,0,0,0,0,0,0,0,0,0,0,0,0
2026-06-23T23:32:08,2026-06-23T23:32:18,51e81cecdc070a402ec5515b6240127ea922e590c3379337b8d73956e72910c9,redis,redis:alpine,43,0,611,1944,0,30686094,27230,1452,1614,1717,163,0,0,0,54,108,0,0,108,54,109,54,0,0,702,0,1735,19360,1450,0,9,0,0,0,0
2026-06-23T23:32:08,2026-06-23T23:32:18,b795ac5b7d6027cda863cc09bce83186820ab4c7ce50cffacbfff6e54a3cda4b,nginx,nginx:alpine,0,0,36288,2464,0,9303889,500,31,62,0,31,0,0,0,0,0,0,0,31,0,62,0,0,0,0,0,0,283,9,0,2,0,0,0,0
2026-06-23T23:32:08,2026-06-23T23:32:18,ea4873036379229eab573e2ee9e512b9d9444594a357284701e478ccd8d3a81a,atk_3_03_net_scan,anomaly-clean:latest,74,0,75,0,0,54404834,119202,9900,12167,11299,24,0,0,0,1138,916,12,0,0,36,76,270,282,0,0,0,50796,32286,0,0,0,0,0,0,0
2026-06-23T23:32:18,2026-06-23T23:32:28,433e4c4ed0ddb8c4ccca321df968a593ed96c3b407765005df827d973fb9da7b,atk_4_04_net_exfil,anomaly-clean:latest,20,0,0,0,0,57891939,0,0,0,0,0,0,0,0,0,0,0,0,0,0,0,0,0,0,0,0,0,0,0,0,0,0,0,0,0
2026-06-23T23:32:18,2026-06-23T23:32:28,,,,0,0,1052277,334887,5,15475373770,0,0,0,0,0,0,0,0,0,0,0,0,0,0,0,0,0,0,0,0,0,0,0,0,0,0,0,0,0
2026-06-23T23:32:18,2026-06-23T23:32:28,a6208cd1452e416dc1f93f23ac1231c925c18b8ecc8cb264ad5d8d3fcfdc7819,cid:a6208cd1452e,,0,0,2205,9933,0,22112913,0,0,0,0,0,0,0,0,0,0,0,0,0,0,0,0,0,0,0,0,0,0,0,0,0,0,0,0,0
2026-06-23T23:32:18,2026-06-23T23:32:28,1d1fb25fa61345ba35b33838b4b982d01afbbf12f850a8a7cb43572c90ab7ffe,cid:1d1fb25fa613,,0,0,5256,68207,0,34810351,0,0,0,0,0,0,0,0,0,0,0,0,0,0,0,0,0,0,0,0,0,0,0,0,0,0,0,0,0
2026-06-23T23:32:18,2026-06-23T23:32:28,66f1c0c25b8b35cb95f8313520b170436793dff4dad6bb01535d6c5ec67c28dd,cid:66f1c0c25b8b,,0,0,0,0,0,0,0,0,0,0,0,0,0,0,0,0,0,0,0,0,0,0,0,0,0,0,0,0,0,0,0,0,0,0,0
2026-06-23T23:32:18,2026-06-23T23:32:28,d3567a7fa093d73cd35e0e03848edc3fe6ce4be4788ce7e2277cfa6bc8681a54,atk_1_01_recon_filescan,anomaly-clean:latest,0,0,0,0,0,0,0,0,0,0,0,0,0,0,0,0,0,0,0,0,0,0,0,0,0,0,0,0,0,0,0,0,0,0,0
2026-06-23T23:32:18,2026-06-23T23:32:28,de4df84ce3e0041e6a811ef7fd5e47389c69f0ea9137e7f8676f995449a2282a,atk_2_02_recon_sensitive,anomaly-clean:latest,0,0,0,0,0,0,0,0,0,0,0,0,0,0,0,0,0,0,0,0,0,0,0,0,0,0,0,0,0,0,0,0,0,0,0
2026-06-23T23:32:18,2026-06-23T23:32:28,51e81cecdc070a402ec5515b6240127ea922e590c3379337b8d73956e72910c9,redis,redis:alpine,42,0,638,2059,0,30587130,14705,774,861,912,87,0,0,0,29,58,0,0,58,29,58,29,0,0,379,0,929,10502,0,0,0,0,0,0,0
2026-06-23T23:32:18,2026-06-23T23:32:28,b795ac5b7d6027cda863cc09bce83186820ab4c7ce50cffacbfff6e54a3cda4b,nginx,nginx:alpine,0,0,36288,2464,0,9599412,258,16,32,0,16,0,0,0,0,0,0,0,16,0,32,0,0,0,0,0,0,146,0,0,0,0,0,0,0
2026-06-23T23:32:18,2026-06-23T23:32:28,ea4873036379229eab573e2ee9e512b9d9444594a357284701e478ccd8d3a81a,atk_3_03_net_scan,anomaly-clean:latest,0,0,0,0,0,0,0,0,0,0,0,0,0,0,0,0,0,0,0,0,0,0,0,0,0,0,0,0,0,0,0,0,0,0,0
2026-06-23T23:32:28,2026-06-23T23:32:38,433e4c4ed0ddb8c4ccca321df968a593ed96c3b407765005df827d973fb9da7b,atk_4_04_net_exfil,anomaly-clean:latest,21,0,65685,962,0,13927017,23282,1174,1770,8330,54,0,0,0,232,246,14,0,0,70,87,42,84,0,0,0,5854,5325,515,0,4,0,0,0,0
2026-06-23T23:32:28,2026-06-23T23:32:38,,,,0,0,1067693,235131,4,13490849937,0,0,0,0,0,0,0,0,0,0,0,0,0,0,0,0,0,0,0,0,0,0,0,0,0,0,0,0,0
2026-06-23T23:32:28,2026-06-23T23:32:38,a6208cd1452e416dc1f93f23ac1231c925c18b8ecc8cb264ad5d8d3fcfdc7819,cid:a6208cd1452e,,0,0,564,2127,0,18068075,0,0,0,0,0,0,0,0,0,0,0,0,0,0,0,0,0,0,0,0,0,0,0,0,0,0,0,0,0
2026-06-23T23:32:28,2026-06-23T23:32:38,1d1fb25fa61345ba35b33838b4b982d01afbbf12f850a8a7cb43572c90ab7ffe,cid:1d1fb25fa613,,0,0,717,2793,0,7283106,0,0,0,0,0,0,0,0,0,0,0,0,0,0,0,0,0,0,0,0,0,0,0,0,0,0,0,0,0
2026-06-23T23:32:28,2026-06-23T23:32:38,66f1c0c25b8b35cb95f8313520b170436793dff4dad6bb01535d6c5ec67c28dd,cid:66f1c0c25b8b,,0,0,0,0,0,0,0,0,0,0,0,0,0,0,0,0,0,0,0,0,0,0,0,0,0,0,0,0,0,0,0,0,0,0,0
2026-06-23T23:32:28,2026-06-23T23:32:38,d3567a7fa093d73cd35e0e03848edc3fe6ce4be4788ce7e2277cfa6bc8681a54,atk_1_01_recon_filescan,anomaly-clean:latest,0,0,0,0,0,0,0,0,0,0,0,0,0,0,0,0,0,0,0,0,0,0,0,0,0,0,0,0,0,0,0,0,0,0,0
2026-06-23T23:32:28,2026-06-23T23:32:38,de4df84ce3e0041e6a811ef7fd5e47389c69f0ea9137e7f8676f995449a2282a,atk_2_02_recon_sensitive,anomaly-clean:latest,0,0,0,0,0,0,0,0,0,0,0,0,0,0,0,0,0,0,0,0,0,0,0,0,0,0,0,0,0,0,0,0,0,0,0
2026-06-23T23:32:28,2026-06-23T23:32:38,51e81cecdc070a402ec5515b6240127ea922e590c3379337b8d73956e72910c9,redis,redis:alpine,40,0,599,1961,0,30851150,28838,1523,1694,1791,170,0,0,0,57,114,0,0,114,57,113,57,0,0,735,0,1818,20595,1524,0,8,0,0,0,0
2026-06-23T23:32:28,2026-06-23T23:32:38,b795ac5b7d6027cda863cc09bce83186820ab4c7ce50cffacbfff6e54a3cda4b,nginx,nginx:alpine,0,0,36288,2464,0,9446390,516,32,64,0,32,0,0,0,0,0,0,0,32,0,64,0,0,0,0,0,0,292,9,0,2,0,0,0,0
2026-06-23T23:32:28,2026-06-23T23:32:38,ea4873036379229eab573e2ee9e512b9d9444594a357284701e478ccd8d3a81a,atk_3_03_net_scan,anomaly-clean:latest,0,0,0,0,0,0,0,0,0,0,0,0,0,0,0,0,0,0,0,0,0,0,0,0,0,0,0,0,0,0,0,0,0,0,0
2026-06-23T23:32:38,2026-06-23T23:32:48,51e81cecdc070a402ec5515b6240127ea922e590c3379337b8d73956e72910c9,redis,redis:alpine,45,0,633,2015,0,31319782,42672,2251,2503,2664,253,0,0,0,84,168,0,0,168,84,169,84,0,0,1088,0,2697,30459,1479,0,9,0,0,0,0
2026-06-23T23:32:38,2026-06-23T23:32:48,b795ac5b7d6027cda863cc09bce83186820ab4c7ce50cffacbfff6e54a3cda4b,nginx,nginx:alpine,0,0,36288,2464,0,9316580,774,48,96,0,48,0,0,0,0,0,0,0,48,0,96,0,0,0,0,0,0,438,9,0,2,0,0,0,0
2026-06-23T23:32:38,2026-06-23T23:32:48,ea4873036379229eab573e2ee9e512b9d9444594a357284701e478ccd8d3a81a,atk_3_03_net_scan,anomaly-clean:latest,0,0,0,0,0,0,0,0,0,0,0,0,0,0,0,0,0,0,0,0,0,0,0,0,0,0,0,0,0,0,0,0,0,0,0
2026-06-23T23:32:38,2026-06-23T23:32:48,433e4c4ed0ddb8c4ccca321df968a593ed96c3b407765005df827d973fb9da7b,atk_4_04_net_exfil,anomaly-clean:latest,25,0,65685,0,0,17656599,34964,1763,2657,12505,81,0,0,0,339,360,21,0,0,107,132,64,127,0,0,0,8803,8005,578,0,4,0,0,0,0
2026-06-23T23:32:38,2026-06-23T23:32:48,,,,0,0,1098759,245275,2,10306889668,0,0,0,0,0,0,0,0,0,0,0,0,0,0,0,0,0,0,0,0,0,0,0,0,0,0,0,0,0
2026-06-23T23:32:38,2026-06-23T23:32:48,a6208cd1452e416dc1f93f23ac1231c925c18b8ecc8cb264ad5d8d3fcfdc7819,cid:a6208cd1452e,,0,0,708,1798,0,19169499,0,0,0,0,0,0,0,0,0,0,0,0,0,0,0,0,0,0,0,0,0,0,0,0,0,0,0,0,0
2026-06-23T23:32:38,2026-06-23T23:32:48,1d1fb25fa61345ba35b33838b4b982d01afbbf12f850a8a7cb43572c90ab7ffe,cid:1d1fb25fa613,,0,0,223,1120,0,2858675,0,0,0,0,0,0,0,0,0,0,0,0,0,0,0,0,0,0,0,0,0,0,0,0,0,0,0,0,0
2026-06-23T23:32:38,2026-06-23T23:32:48,66f1c0c25b8b35cb95f8313520b170436793dff4dad6bb01535d6c5ec67c28dd,cid:66f1c0c25b8b,,0,0,0,0,0,0,0,0,0,0,0,0,0,0,0,0,0,0,0,0,0,0,0,0,0,0,0,0,0,0,0,0,0,0,0
2026-06-23T23:32:38,2026-06-23T23:32:48,d3567a7fa093d73cd35e0e03848edc3fe6ce4be4788ce7e2277cfa6bc8681a54,atk_1_01_recon_filescan,anomaly-clean:latest,0,0,0,0,0,0,0,0,0,0,0,0,0,0,0,0,0,0,0,0,0,0,0,0,0,0,0,0,0,0,0,0,0,0,0
2026-06-23T23:32:38,2026-06-23T23:32:48,de4df84ce3e0041e6a811ef7fd5e47389c69f0ea9137e7f8676f995449a2282a,atk_2_02_recon_sensitive,anomaly-clean:latest,0,0,0,0,0,0,0,0,0,0,0,0,0,0,0,0,0,0,0,0,0,0,0,0,0,0,0,0,0,0,0,0,0,0,0
2026-06-23T23:32:48,2026-06-23T23:32:58,ea4873036379229eab573e2ee9e512b9d9444594a357284701e478ccd8d3a81a,atk_3_03_net_scan,anomaly-clean:latest,0,0,0,0,0,0,0,0,0,0,0,0,0,0,0,0,0,0,0,0,0,0,0,0,0,0,0,0,0,0,0,0,0,0,0
2026-06-23T23:32:48,2026-06-23T23:32:58,433e4c4ed0ddb8c4ccca321df968a593ed96c3b407765005df827d973fb9da7b,atk_4_04_net_exfil,anomaly-clean:latest,0,0,0,0,0,0,0,0,0,0,0,0,0,0,0,0,0,0,0,0,0,0,0,0,0,0,0,0,0,0,0,0,0,0,0
2026-06-23T23:32:48,2026-06-23T23:32:58,,,,0,0,336127,336336,2,9628672367,0,0,0,0,0,0,0,0,0,0,0,0,0,0,0,0,0,0,0,0,0,0,0,0,0,0,0,0,0
2026-06-23T23:32:48,2026-06-23T23:32:58,a6208cd1452e416dc1f93f23ac1231c925c18b8ecc8cb264ad5d8d3fcfdc7819,cid:a6208cd1452e,,0,0,188,716,0,16876139,0,0,0,0,0,0,0,0,0,0,0,0,0,0,0,0,0,0,0,0,0,0,0,0,0,0,0,0,0
2026-06-23T23:32:48,2026-06-23T23:32:58,1d1fb25fa61345ba35b33838b4b982d01afbbf12f850a8a7cb43572c90ab7ffe,cid:1d1fb25fa613,,0,0,188,564,0,2240604,0,0,0,0,0,0,0,0,0,0,0,0,0,0,0,0,0,0,0,0,0,0,0,0,0,0,0,0,0
2026-06-23T23:32:48,2026-06-23T23:32:58,66f1c0c25b8b35cb95f8313520b170436793dff4dad6bb01535d6c5ec67c28dd,cid:66f1c0c25b8b,,0,0,0,0,0,0,0,0,0,0,0,0,0,0,0,0,0,0,0,0,0,0,0,0,0,0,0,0,0,0,0,0,0,0,0
2026-06-23T23:32:48,2026-06-23T23:32:58,d3567a7fa093d73cd35e0e03848edc3fe6ce4be4788ce7e2277cfa6bc8681a54,atk_1_01_recon_filescan,anomaly-clean:latest,0,0,0,0,0,0,0,0,0,0,0,0,0,0,0,0,0,0,0,0,0,0,0,0,0,0,0,0,0,0,0,0,0,0,0
2026-06-23T23:32:48,2026-06-23T23:32:58,de4df84ce3e0041e6a811ef7fd5e47389c69f0ea9137e7f8676f995449a2282a,atk_2_02_recon_sensitive,anomaly-clean:latest,0,0,0,0,0,0,0,0,0,0,0,0,0,0,0,0,0,0,0,0,0,0,0,0,0,0,0,0,0,0,0,0,0,0,0
2026-06-23T23:32:48,2026-06-23T23:32:58,eebc244c6b144166203526e51249f9e76709631031d448862158772c8a9f5b4e,atk_5_05_crypto_mine,anomaly-clean:latest,9295,0,0,0,0,0,0,0,0,0,0,0,0,0,0,0,0,0,0,0,0,0,0,0,0,0,0,0,0,0,0,0,0,0,0
2026-06-23T23:32:48,2026-06-23T23:32:58,51e81cecdc070a402ec5515b6240127ea922e590c3379337b8d73956e72910c9,redis,redis:alpine,43,0,550,1775,0,30927561,14223,749,832,875,83,0,0,0,28,56,0,0,56,28,55,28,2,0,362,0,894,10175,0,0,0,0,0,0,0
2026-06-23T23:32:48,2026-06-23T23:32:58,b795ac5b7d6027cda863cc09bce83186820ab4c7ce50cffacbfff6e54a3cda4b,nginx,nginx:alpine,0,0,35154,2387,0,10025939,258,16,32,0,16,0,0,0,0,0,0,0,16,0,32,0,0,0,0,0,0,146,9,0,2,0,0,0,0
2026-06-23T23:32:58,2026-06-23T23:33:08,,,,0,0,194669,202821,6,13156821336,0,0,0,0,0,0,0,0,0,0,0,0,0,0,0,0,0,0,0,0,0,0,0,0,0,0,0,0,0
2026-06-23T23:32:58,2026-06-23T23:33:08,a6208cd1452e416dc1f93f23ac1231c925c18b8ecc8cb264ad5d8d3fcfdc7819,cid:a6208cd1452e,,0,0,1660,1342,0,15667845,0,0,0,0,0,0,0,0,0,0,0,0,0,0,0,0,0,0,0,0,0,0,0,0,0,0,0,0,0
2026-06-23T23:32:58,2026-06-23T23:33:08,1d1fb25fa61345ba35b33838b4b982d01afbbf12f850a8a7cb43572c90ab7ffe,cid:1d1fb25fa613,,0,0,849,2910,0,19120509,0,0,0,0,0,0,0,0,0,0,0,0,0,0,0,0,0,0,0,0,0,0,0,0,0,0,0,0,0
2026-06-23T23:32:58,2026-06-23T23:33:08,66f1c0c25b8b35cb95f8313520b170436793dff4dad6bb01535d6c5ec67c28dd,cid:66f1c0c25b8b,,0,0,0,0,0,0,0,0,0,0,0,0,0,0,0,0,0,0,0,0,0,0,0,0,0,0,0,0,0,0,0,0,0,0,0
2026-06-23T23:32:58,2026-06-23T23:33:08,d3567a7fa093d73cd35e0e03848edc3fe6ce4be4788ce7e2277cfa6bc8681a54,atk_1_01_recon_filescan,anomaly-clean:latest,0,0,0,0,0,0,0,0,0,0,0,0,0,0,0,0,0,0,0,0,0,0,0,0,0,0,0,0,0,0,0,0,0,0,0
2026-06-23T23:32:58,2026-06-23T23:33:08,de4df84ce3e0041e6a811ef7fd5e47389c69f0ea9137e7f8676f995449a2282a,atk_2_02_recon_sensitive,anomaly-clean:latest,0,0,0,0,0,0,0,0,0,0,0,0,0,0,0,0,0,0,0,0,0,0,0,0,0,0,0,0,0,0,0,0,0,0,0
2026-06-23T23:32:58,2026-06-23T23:33:08,eebc244c6b144166203526e51249f9e76709631031d448862158772c8a9f5b4e,atk_5_05_crypto_mine,anomaly-clean:latest,16339,0,0,0,0,0,1798276,76142,296117,194585,42304,0,0,0,0,0,0,0,0,0,0,25381,42307,0,0,0,380698,740742,20019,0,2,0,0,0,0
2026-06-23T23:32:58,2026-06-23T23:33:08,51e81cecdc070a402ec5515b6240127ea922e590c3379337b8d73956e72910c9,redis,redis:alpine,32,0,484,1562,0,30056873,32091,1802,1996,2113,198,0,0,0,66,132,0,0,132,66,132,66,3,0,840,0,2147,22398,1349,0,8,0,0,0,0
2026-06-23T23:32:58,2026-06-23T23:33:08,b795ac5b7d6027cda863cc09bce83186820ab4c7ce50cffacbfff6e54a3cda4b,nginx,nginx:alpine,0,0,35154,2387,0,9451527,742,46,92,0,46,0,0,0,0,0,0,0,46,0,92,0,0,0,0,0,0,420,9,0,2,0,0,0,0
2026-06-23T23:32:58,2026-06-23T23:33:08,ea4873036379229eab573e2ee9e512b9d9444594a357284701e478ccd8d3a81a,atk_3_03_net_scan,anomaly-clean:latest,0,0,0,0,0,0,0,0,0,0,0,0,0,0,0,0,0,0,0,0,0,0,0,0,0,0,0,0,0,0,0,0,0,0,0
2026-06-23T23:32:58,2026-06-23T23:33:08,433e4c4ed0ddb8c4ccca321df968a593ed96c3b407765005df827d973fb9da7b,atk_4_04_net_exfil,anomaly-clean:latest,0,0,0,0,0,0,0,0,0,0,0,0,0,0,0,0,0,0,0,0,0,0,0,0,0,0,0,0,0,0,0,0,0,0,0
2026-06-23T23:33:08,2026-06-23T23:33:18,,,,0,0,197831,202703,1,13174541885,0,0,0,0,0,0,0,0,0,0,0,0,0,0,0,0,0,0,0,0,0,0,0,0,0,0,0,0,0
2026-06-23T23:33:08,2026-06-23T23:33:18,a6208cd1452e416dc1f93f23ac1231c925c18b8ecc8cb264ad5d8d3fcfdc7819,cid:a6208cd1452e,,0,0,188,1406,0,21035912,0,0,0,0,0,0,0,0,0,0,0,0,0,0,0,0,0,0,0,0,0,0,0,0,0,0,0,0,0
2026-06-23T23:33:08,2026-06-23T23:33:18,1d1fb25fa61345ba35b33838b4b982d01afbbf12f850a8a7cb43572c90ab7ffe,cid:1d1fb25fa613,,0,0,243,1040,0,2967711,0,0,0,0,0,0,0,0,0,0,0,0,0,0,0,0,0,0,0,0,0,0,0,0,0,0,0,0,0
2026-06-23T23:33:08,2026-06-23T23:33:18,66f1c0c25b8b35cb95f8313520b170436793dff4dad6bb01535d6c5ec67c28dd,cid:66f1c0c25b8b,,0,0,0,0,0,55690,0,0,0,0,0,0,0,0,0,0,0,0,0,0,0,0,0,0,0,0,0,0,0,0,0,0,0,0,0
2026-06-23T23:33:08,2026-06-23T23:33:18,d3567a7fa093d73cd35e0e03848edc3fe6ce4be4788ce7e2277cfa6bc8681a54,atk_1_01_recon_filescan,anomaly-clean:latest,0,0,0,0,0,0,0,0,0,0,0,0,0,0,0,0,0,0,0,0,0,0,0,0,0,0,0,0,0,0,0,0,0,0,0
2026-06-23T23:33:08,2026-06-23T23:33:18,de4df84ce3e0041e6a811ef7fd5e47389c69f0ea9137e7f8676f995449a2282a,atk_2_02_recon_sensitive,anomaly-clean:latest,0,0,0,0,0,0,0,0,0,0,0,0,0,0,0,0,0,0,0,0,0,0,0,0,0,0,0,0,0,0,0,0,0,0,0
2026-06-23T23:33:08,2026-06-23T23:33:18,eebc244c6b144166203526e51249f9e76709631031d448862158772c8a9f5b4e,atk_5_05_crypto_mine,anomaly-clean:latest,12630,0,0,0,0,0,530146,22452,87311,57374,12472,0,0,0,0,0,0,0,0,0,0,7484,12472,0,0,0,112264,218317,0,0,0,0,0,0,0
2026-06-23T23:33:08,2026-06-23T23:33:18,51e81cecdc070a402ec5515b6240127ea922e590c3379337b8d73956e72910c9,redis,redis:alpine,36,0,484,1562,0,29327366,10588,599,665,703,66,0,0,0,22,44,0,0,44,22,44,22,0,0,278,0,711,7368,1311,0,8,0,0,0,0
2026-06-23T23:33:08,2026-06-23T23:33:18,b795ac5b7d6027cda863cc09bce83186820ab4c7ce50cffacbfff6e54a3cda4b,nginx,nginx:alpine,0,0,35154,2387,0,9095710,242,15,30,0,15,0,0,0,0,0,0,0,15,0,30,0,0,0,0,0,0,137,9,0,2,0,0,0,0
2026-06-23T23:33:08,2026-06-23T23:33:18,ea4873036379229eab573e2ee9e512b9d9444594a357284701e478ccd8d3a81a,atk_3_03_net_scan,anomaly-clean:latest,0,0,0,0,0,0,0,0,0,0,0,0,0,0,0,0,0,0,0,0,0,0,0,0,0,0,0,0,0,0,0,0,0,0,0
2026-06-23T23:33:08,2026-06-23T23:33:18,433e4c4ed0ddb8c4ccca321df968a593ed96c3b407765005df827d973fb9da7b,atk_4_04_net_exfil,anomaly-clean:latest,0,0,0,0,0,0,0,0,0,0,0,0,0,0,0,0,0,0,0,0,0,0,0,0,0,0,0,0,0,0,0,0,0,0,0
2026-06-23T23:33:18,2026-06-23T23:33:28,,,,0,0,317438,311911,0,13669099343,0,0,0,0,0,0,0,0,0,0,0,0,0,0,0,0,0,0,0,0,0,0,0,0,0,0,0,0,0
2026-06-23T23:33:18,2026-06-23T23:33:28,a6208cd1452e416dc1f93f23ac1231c925c18b8ecc8cb264ad5d8d3fcfdc7819,cid:a6208cd1452e,,0,0,319,1270,0,28533770,0,0,0,0,0,0,0,0,0,0,0,0,0,0,0,0,0,0,0,0,0,0,0,0,0,0,0,0,0
2026-06-23T23:33:18,2026-06-23T23:33:28,1d1fb25fa61345ba35b33838b4b982d01afbbf12f850a8a7cb43572c90ab7ffe,cid:1d1fb25fa613,,0,0,188,508,0,1822317,0,0,0,0,0,0,0,0,0,0,0,0,0,0,0,0,0,0,0,0,0,0,0,0,0,0,0,0,0
2026-06-23T23:33:18,2026-06-23T23:33:28,66f1c0c25b8b35cb95f8313520b170436793dff4dad6bb01535d6c5ec67c28dd,cid:66f1c0c25b8b,,0,0,0,0,0,0,0,0,0,0,0,0,0,0,0,0,0,0,0,0,0,0,0,0,0,0,0,0,0,0,0,0,0,0,0
2026-06-23T23:33:18,2026-06-23T23:33:28,d3567a7fa093d73cd35e0e03848edc3fe6ce4be4788ce7e2277cfa6bc8681a54,atk_1_01_recon_filescan,anomaly-clean:latest,0,0,0,0,0,0,0,0,0,0,0,0,0,0,0,0,0,0,0,0,0,0,0,0,0,0,0,0,0,0,0,0,0,0,0
2026-06-23T23:33:18,2026-06-23T23:33:28,de4df84ce3e0041e6a811ef7fd5e47389c69f0ea9137e7f8676f995449a2282a,atk_2_02_recon_sensitive,anomaly-clean:latest,0,0,0,0,0,0,0,0,0,0,0,0,0,0,0,0,0,0,0,0,0,0,0,0,0,0,0,0,0,0,0,0,0,0,0
2026-06-23T23:33:18,2026-06-23T23:33:28,eebc244c6b144166203526e51249f9e76709631031d448862158772c8a9f5b4e,atk_5_05_crypto_mine,anomaly-clean:latest,0,0,0,0,0,0,366013,15500,60273,39620,8611,0,0,0,0,0,0,0,0,0,0,5166,8609,0,0,0,77505,150729,0,0,0,0,0,0,0
2026-06-23T23:33:18,2026-06-23T23:33:28,9ce32967d320efd1ef0f3e45dfb20776139e3a0fcd49188f586a932b306cde13,atk_6_06_reverse_shell,anomaly-clean:latest,1370,0,0,0,0,0,537562,38753,57593,59226,9529,0,0,0,3248,3248,0,0,0,0,0,3898,3898,0,0,0,96812,261357,0,0,0,0,0,0,0
2026-06-23T23:33:18,2026-06-23T23:33:28,51e81cecdc070a402ec5515b6240127ea922e590c3379337b8d73956e72910c9,redis,redis:alpine,44,0,594,1917,0,29778168,37345,2049,2277,2407,228,0,0,0,76,152,0,0,152,76,152,76,0,0,972,0,2439,26289,0,0,0,0,0,0,0
2026-06-23T23:33:18,2026-06-23T23:33:28,b795ac5b7d6027cda863cc09bce83186820ab4c7ce50cffacbfff6e54a3cda4b,nginx,nginx:alpine,0,0,36288,2464,0,9685031,774,48,96,0,48,0,0,0,0,0,0,0,48,0,96,0,0,0,0,0,0,438,9,0,2,0,0,0,0
2026-06-23T23:33:18,2026-06-23T23:33:28,ea4873036379229eab573e2ee9e512b9d9444594a357284701e478ccd8d3a81a,atk_3_03_net_scan,anomaly-clean:latest,0,0,0,0,0,0,0,0,0,0,0,0,0,0,0,0,0,0,0,0,0,0,0,0,0,0,0,0,0,0,0,0,0,0,0
2026-06-23T23:33:18,2026-06-23T23:33:28,433e4c4ed0ddb8c4ccca321df968a593ed96c3b407765005df827d973fb9da7b,atk_4_04_net_exfil,anomaly-clean:latest,0,0,0,0,0,0,0,0,0,0,0,0,0,0,0,0,0,0,0,0,0,0,0,0,0,0,0,0,0,0,0,0,0,0,0
2026-06-23T23:33:28,2026-06-23T23:33:38,ea4873036379229eab573e2ee9e512b9d9444594a357284701e478ccd8d3a81a,atk_3_03_net_scan,anomaly-clean:latest,0,0,0,0,0,0,0,0,0,0,0,0,0,0,0,0,0,0,0,0,0,0,0,0,0,0,0,0,0,0,0,0,0,0,0
2026-06-23T23:33:28,2026-06-23T23:33:38,433e4c4ed0ddb8c4ccca321df968a593ed96c3b407765005df827d973fb9da7b,atk_4_04_net_exfil,anomaly-clean:latest,0,0,0,0,0,0,0,0,0,0,0,0,0,0,0,0,0,0,0,0,0,0,0,0,0,0,0,0,0,0,0,0,0,0,0
2026-06-23T23:33:28,2026-06-23T23:33:38,,,,0,0,221654,215080,1,11201861353,0,0,0,0,0,0,0,0,0,0,0,0,0,0,0,0,0,0,0,0,0,0,0,0,0,0,0,0,0
2026-06-23T23:33:28,2026-06-23T23:33:38,a6208cd1452e416dc1f93f23ac1231c925c18b8ecc8cb264ad5d8d3fcfdc7819,cid:a6208cd1452e,,0,0,324,1727,0,17973200,0,0,0,0,0,0,0,0,0,0,0,0,0,0,0,0,0,0,0,0,0,0,0,0,0,0,0,0,0
2026-06-23T23:33:28,2026-06-23T23:33:38,1d1fb25fa61345ba35b33838b4b982d01afbbf12f850a8a7cb43572c90ab7ffe,cid:1d1fb25fa613,,0,0,870,3081,0,5365300,0,0,0,0,0,0,0,0,0,0,0,0,0,0,0,0,0,0,0,0,0,0,0,0,0,0,0,0,0
2026-06-23T23:33:28,2026-06-23T23:33:38,66f1c0c25b8b35cb95f8313520b170436793dff4dad6bb01535d6c5ec67c28dd,cid:66f1c0c25b8b,,0,0,0,0,0,0,0,0,0,0,0,0,0,0,0,0,0,0,0,0,0,0,0,0,0,0,0,0,0,0,0,0,0,0,0
2026-06-23T23:33:28,2026-06-23T23:33:38,d3567a7fa093d73cd35e0e03848edc3fe6ce4be4788ce7e2277cfa6bc8681a54,atk_1_01_recon_filescan,anomaly-clean:latest,0,0,0,0,0,0,0,0,0,0,0,0,0,0,0,0,0,0,0,0,0,0,0,0,0,0,0,0,0,0,0,0,0,0,0
2026-06-23T23:33:28,2026-06-23T23:33:38,de4df84ce3e0041e6a811ef7fd5e47389c69f0ea9137e7f8676f995449a2282a,atk_2_02_recon_sensitive,anomaly-clean:latest,0,0,0,0,0,0,0,0,0,0,0,0,0,0,0,0,0,0,0,0,0,0,0,0,0,0,0,0,0,0,0,0,0,0,0
2026-06-23T23:33:28,2026-06-23T23:33:38,eebc244c6b144166203526e51249f9e76709631031d448862158772c8a9f5b4e,atk_5_05_crypto_mine,anomaly-clean:latest,0,0,0,0,0,0,0,0,0,0,0,0,0,0,0,0,0,0,0,0,0,0,0,0,0,0,0,0,0,0,0,0,0,0,0
2026-06-23T23:33:28,2026-06-23T23:33:38,9ce32967d320efd1ef0f3e45dfb20776139e3a0fcd49188f586a932b306cde13,atk_6_06_reverse_shell,anomaly-clean:latest,2265,0,0,0,0,0,594046,42848,63638,65710,10558,0,0,0,3587,3587,0,0,0,0,0,4302,4302,0,0,0,106845,288669,5819,0,4,0,0,3,0
2026-06-23T23:33:28,2026-06-23T23:33:38,51e81cecdc070a402ec5515b6240127ea922e590c3379337b8d73956e72910c9,redis,redis:alpine,49,0,572,1846,0,30192585,12557,700,778,823,78,0,0,0,26,52,0,0,52,26,52,26,0,0,334,0,833,8777,1498,0,8,0,0,0,0
2026-06-23T23:33:28,2026-06-23T23:33:38,b795ac5b7d6027cda863cc09bce83186820ab4c7ce50cffacbfff6e54a3cda4b,nginx,nginx:alpine,0,0,35154,2387,0,9472800,242,15,30,0,15,0,0,0,0,0,0,0,15,0,30,0,0,0,0,0,0,137,0,0,0,0,0,0,0
2026-06-23T23:33:38,2026-06-23T23:33:48,de4df84ce3e0041e6a811ef7fd5e47389c69f0ea9137e7f8676f995449a2282a,atk_2_02_recon_sensitive,anomaly-clean:latest,0,0,0,0,0,0,0,0,0,0,0,0,0,0,0,0,0,0,0,0,0,0,0,0,0,0,0,0,0,0,0,0,0,0,0
2026-06-23T23:33:38,2026-06-23T23:33:48,eebc244c6b144166203526e51249f9e76709631031d448862158772c8a9f5b4e,atk_5_05_crypto_mine,anomaly-clean:latest,0,0,0,0,0,0,0,0,0,0,0,0,0,0,0,0,0,0,0,0,0,0,0,0,0,0,0,0,0,0,0,0,0,0,0
2026-06-23T23:33:38,2026-06-23T23:33:48,9ce32967d320efd1ef0f3e45dfb20776139e3a0fcd49188f586a932b306cde13,atk_6_06_reverse_shell,anomaly-clean:latest,2110,0,0,0,0,0,1129943,81458,121057,124639,20025,0,0,0,6825,6825,0,0,0,0,0,8191,8192,0,0,0,203402,549329,10178,0,4,0,0,0,0
2026-06-23T23:33:38,2026-06-23T23:33:48,51e81cecdc070a402ec5515b6240127ea922e590c3379337b8d73956e72910c9,redis,redis:alpine,48,0,594,1917,0,30065970,25342,1401,1557,1646,157,0,0,0,52,104,0,0,104,52,105,52,0,0,666,0,1670,17776,1443,0,9,0,0,0,0
2026-06-23T23:33:38,2026-06-23T23:33:48,b795ac5b7d6027cda863cc09bce83186820ab4c7ce50cffacbfff6e54a3cda4b,nginx,nginx:alpine,0,0,36288,2464,0,9546081,516,32,64,0,32,0,0,0,0,0,0,0,32,0,64,0,0,0,0,0,0,292,9,0,2,0,0,0,0
2026-06-23T23:33:38,2026-06-23T23:33:48,ea4873036379229eab573e2ee9e512b9d9444594a357284701e478ccd8d3a81a,atk_3_03_net_scan,anomaly-clean:latest,0,0,0,0,0,0,0,0,0,0,0,0,0,0,0,0,0,0,0,0,0,0,0,0,0,0,0,0,0,0,0,0,0,0,0
2026-06-23T23:33:38,2026-06-23T23:33:48,433e4c4ed0ddb8c4ccca321df968a593ed96c3b407765005df827d973fb9da7b,atk_4_04_net_exfil,anomaly-clean:latest,0,0,0,0,0,0,0,0,0,0,0,0,0,0,0,0,0,0,0,0,0,0,0,0,0,0,0,0,0,0,0,0,0,0,0
2026-06-23T23:33:38,2026-06-23T23:33:48,,,,0,0,282990,258090,0,11378074910,0,0,0,0,0,0,0,0,0,0,0,0,0,0,0,0,0,0,0,0,0,0,0,0,0,0,0,0,0
2026-06-23T23:33:38,2026-06-23T23:33:48,a6208cd1452e416dc1f93f23ac1231c925c18b8ecc8cb264ad5d8d3fcfdc7819,cid:a6208cd1452e,,0,0,223,1319,0,17514621,0,0,0,0,0,0,0,0,0,0,0,0,0,0,0,0,0,0,0,0,0,0,0,0,0,0,0,0,0
2026-06-23T23:33:38,2026-06-23T23:33:48,1d1fb25fa61345ba35b33838b4b982d01afbbf12f850a8a7cb43572c90ab7ffe,cid:1d1fb25fa613,,0,0,765,11150,0,6232802,0,0,0,0,0,0,0,0,0,0,0,0,0,0,0,0,0,0,0,0,0,0,0,0,0,0,0,0,0
2026-06-23T23:33:38,2026-06-23T23:33:48,66f1c0c25b8b35cb95f8313520b170436793dff4dad6bb01535d6c5ec67c28dd,cid:66f1c0c25b8b,,0,0,0,0,0,0,0,0,0,0,0,0,0,0,0,0,0,0,0,0,0,0,0,0,0,0,0,0,0,0,0,0,0,0,0
2026-06-23T23:33:38,2026-06-23T23:33:48,d3567a7fa093d73cd35e0e03848edc3fe6ce4be4788ce7e2277cfa6bc8681a54,atk_1_01_recon_filescan,anomaly-clean:latest,0,0,0,0,0,0,0,0,0,0,0,0,0,0,0,0,0,0,0,0,0,0,0,0,0,0,0,0,0,0,0,0,0,0,0
2026-06-23T23:33:48,2026-06-23T23:33:58,66f1c0c25b8b35cb95f8313520b170436793dff4dad6bb01535d6c5ec67c28dd,cid:66f1c0c25b8b,,0,0,0,0,0,0,0,0,0,0,0,0,0,0,0,0,0,0,0,0,0,0,0,0,0,0,0,0,0,0,0,0,0,0,0
2026-06-23T23:33:48,2026-06-23T23:33:58,d3567a7fa093d73cd35e0e03848edc3fe6ce4be4788ce7e2277cfa6bc8681a54,atk_1_01_recon_filescan,anomaly-clean:latest,0,0,0,0,0,0,0,0,0,0,0,0,0,0,0,0,0,0,0,0,0,0,0,0,0,0,0,0,0,0,0,0,0,0,0
2026-06-23T23:33:48,2026-06-23T23:33:58,de4df84ce3e0041e6a811ef7fd5e47389c69f0ea9137e7f8676f995449a2282a,atk_2_02_recon_sensitive,anomaly-clean:latest,0,0,0,0,0,0,0,0,0,0,0,0,0,0,0,0,0,0,0,0,0,0,0,0,0,0,0,0,0,0,0,0,0,0,0
2026-06-23T23:33:48,2026-06-23T23:33:58,eebc244c6b144166203526e51249f9e76709631031d448862158772c8a9f5b4e,atk_5_05_crypto_mine,anomaly-clean:latest,0,0,0,0,0,0,0,0,0,0,0,0,0,0,0,0,0,0,0,0,0,0,0,0,0,0,0,0,0,0,0,0,0,0,0
2026-06-23T23:33:48,2026-06-23T23:33:58,9ce32967d320efd1ef0f3e45dfb20776139e3a0fcd49188f586a932b306cde13,atk_6_06_reverse_shell,anomaly-clean:latest,0,0,0,0,0,0,391531,28226,41955,43131,6938,0,0,0,2365,2365,0,0,0,0,0,2840,2839,0,0,0,70507,190365,0,0,0,0,0,0,0
2026-06-23T23:33:48,2026-06-23T23:33:58,51e81cecdc070a402ec5515b6240127ea922e590c3379337b8d73956e72910c9,redis,redis:alpine,41,0,572,1846,0,31014339,40229,2151,2398,2643,243,0,1,0,80,160,0,0,160,80,159,80,1,0,1036,0,2557,28480,1496,0,8,0,0,0,0
2026-06-23T23:33:48,2026-06-23T23:33:58,b795ac5b7d6027cda863cc09bce83186820ab4c7ce50cffacbfff6e54a3cda4b,nginx,nginx:alpine,0,0,35154,2387,0,9329552,758,47,94,0,47,0,0,0,0,0,0,0,47,0,94,0,0,0,0,0,0,429,9,0,2,0,0,0,0
2026-06-23T23:33:48,2026-06-23T23:33:58,ea4873036379229eab573e2ee9e512b9d9444594a357284701e478ccd8d3a81a,atk_3_03_net_scan,anomaly-clean:latest,0,0,0,0,0,0,0,0,0,0,0,0,0,0,0,0,0,0,0,0,0,0,0,0,0,0,0,0,0,0,0,0,0,0,0
2026-06-23T23:33:48,2026-06-23T23:33:58,433e4c4ed0ddb8c4ccca321df968a593ed96c3b407765005df827d973fb9da7b,atk_4_04_net_exfil,anomaly-clean:latest,0,0,0,0,0,0,0,0,0,0,0,0,0,0,0,0,0,0,0,0,0,0,0,0,0,0,0,0,0,0,0,0,0,0,0
2026-06-23T23:33:48,2026-06-23T23:33:58,f0d627f41bf9a89c6086e2e15b809f02693c37aa830965b62c461b16ee71fd4a,atk_7_07_priv_esc,anomaly-clean:latest,1,0,0,0,3,0,2620848,0,0,0,0,0,0,0,0,0,0,0,0,0,0,0,0,0,2620848,0,0,0,5403,0,14,0,0,7,0
2026-06-23T23:33:48,2026-06-23T23:33:58,,,,0,0,440168,421052,7,11614984864,0,0,0,0,0,0,0,0,0,0,0,0,0,0,0,0,0,0,0,0,0,0,0,0,0,0,0,0,0
2026-06-23T23:33:48,2026-06-23T23:33:58,a6208cd1452e416dc1f93f23ac1231c925c18b8ecc8cb264ad5d8d3fcfdc7819,cid:a6208cd1452e,,0,0,327,1267,0,18593065,0,0,0,0,0,0,0,0,0,0,0,0,0,0,0,0,0,0,0,0,0,0,0,0,0,0,0,0,0
2026-06-23T23:33:48,2026-06-23T23:33:58,1d1fb25fa61345ba35b33838b4b982d01afbbf12f850a8a7cb43572c90ab7ffe,cid:1d1fb25fa613,,0,0,765,10350,0,5607641,0,0,0,0,0,0,0,0,0,0,0,0,0,0,0,0,0,0,0,0,0,0,0,0,0,0,0,0,0
2026-06-23T23:33:58,2026-06-23T23:34:08,ea4873036379229eab573e2ee9e512b9d9444594a357284701e478ccd8d3a81a,atk_3_03_net_scan,anomaly-clean:latest,0,0,0,0,0,0,0,0,0,0,0,0,0,0,0,0,0,0,0,0,0,0,0,0,0,0,0,0,0,0,0,0,0,0,0
2026-06-23T23:33:58,2026-06-23T23:34:08,433e4c4ed0ddb8c4ccca321df968a593ed96c3b407765005df827d973fb9da7b,atk_4_04_net_exfil,anomaly-clean:latest,0,0,0,0,0,0,0,0,0,0,0,0,0,0,0,0,0,0,0,0,0,0,0,0,0,0,0,0,0,0,0,0,0,0,0
2026-06-23T23:33:58,2026-06-23T23:34:08,f0d627f41bf9a89c6086e2e15b809f02693c37aa830965b62c461b16ee71fd4a,atk_7_07_priv_esc,anomaly-clean:latest,0,0,0,0,1,0,5165104,0,0,0,0,0,0,0,0,0,0,0,0,0,0,0,0,0,5165104,0,0,0,9203,0,13,0,0,0,0
2026-06-23T23:33:58,2026-06-23T23:34:08,,,,0,0,204143,207560,3,12844074270,0,0,0,0,0,0,0,0,0,0,0,0,0,0,0,0,0,0,0,0,0,0,0,0,0,0,0,0,0
2026-06-23T23:33:58,2026-06-23T23:34:08,a6208cd1452e416dc1f93f23ac1231c925c18b8ecc8cb264ad5d8d3fcfdc7819,cid:a6208cd1452e,,0,0,188,993,0,15584600,0,0,0,0,0,0,0,0,0,0,0,0,0,0,0,0,0,0,0,0,0,0,0,0,0,0,0,0,0
2026-06-23T23:33:58,2026-06-23T23:34:08,1d1fb25fa61345ba35b33838b4b982d01afbbf12f850a8a7cb43572c90ab7ffe,cid:1d1fb25fa613,,0,0,717,2982,0,4494794,0,0,0,0,0,0,0,0,0,0,0,0,0,0,0,0,0,0,0,0,0,0,0,0,0,0,0,0,0
2026-06-23T23:33:58,2026-06-23T23:34:08,66f1c0c25b8b35cb95f8313520b170436793dff4dad6bb01535d6c5ec67c28dd,cid:66f1c0c25b8b,,0,0,0,0,0,0,0,0,0,0,0,0,0,0,0,0,0,0,0,0,0,0,0,0,0,0,0,0,0,0,0,0,0,0,0
2026-06-23T23:33:58,2026-06-23T23:34:08,d3567a7fa093d73cd35e0e03848edc3fe6ce4be4788ce7e2277cfa6bc8681a54,atk_1_01_recon_filescan,anomaly-clean:latest,0,0,0,0,0,0,0,0,0,0,0,0,0,0,0,0,0,0,0,0,0,0,0,0,0,0,0,0,0,0,0,0,0,0,0
2026-06-23T23:33:58,2026-06-23T23:34:08,de4df84ce3e0041e6a811ef7fd5e47389c69f0ea9137e7f8676f995449a2282a,atk_2_02_recon_sensitive,anomaly-clean:latest,0,0,0,0,0,0,0,0,0,0,0,0,0,0,0,0,0,0,0,0,0,0,0,0,0,0,0,0,0,0,0,0,0,0,0
2026-06-23T23:33:58,2026-06-23T23:34:08,eebc244c6b144166203526e51249f9e76709631031d448862158772c8a9f5b4e,atk_5_05_crypto_mine,anomaly-clean:latest,0,0,0,0,0,0,0,0,0,0,0,0,0,0,0,0,0,0,0,0,0,0,0,0,0,0,0,0,0,0,0,0,0,0,0
2026-06-23T23:33:58,2026-06-23T23:34:08,9ce32967d320efd1ef0f3e45dfb20776139e3a0fcd49188f586a932b306cde13,atk_6_06_reverse_shell,anomaly-clean:latest,0,0,0,0,0,0,0,0,0,0,0,0,0,0,0,0,0,0,0,0,0,0,0,0,0,0,0,0,0,0,0,0,0,0,0
2026-06-23T23:33:58,2026-06-23T23:34:08,51e81cecdc070a402ec5515b6240127ea922e590c3379337b8d73956e72910c9,redis,redis:alpine,45,0,555,1819,0,31538402,25689,1376,1529,1623,155,0,0,0,51,102,0,0,102,51,103,51,0,0,643,0,1635,18268,1489,0,9,0,0,0,0
2026-06-23T23:33:58,2026-06-23T23:34:08,b795ac5b7d6027cda863cc09bce83186820ab4c7ce50cffacbfff6e54a3cda4b,nginx,nginx:alpine,0,0,36288,2464,0,9710478,516,32,64,0,32,0,0,0,0,0,0,0,32,0,64,0,0,0,0,0,0,292,9,0,2,0,0,0,0
2026-06-23T23:34:08,2026-06-23T23:34:18,66f1c0c25b8b35cb95f8313520b170436793dff4dad6bb01535d6c5ec67c28dd,cid:66f1c0c25b8b,,0,0,0,0,0,3309899,0,0,0,0,0,0,0,0,0,0,0,0,0,0,0,0,0,0,0,0,0,0,0,0,0,0,0,0,0
2026-06-23T23:34:08,2026-06-23T23:34:18,d3567a7fa093d73cd35e0e03848edc3fe6ce4be4788ce7e2277cfa6bc8681a54,atk_1_01_recon_filescan,anomaly-clean:latest,0,0,0,0,0,0,0,0,0,0,0,0,0,0,0,0,0,0,0,0,0,0,0,0,0,0,0,0,0,0,0,0,0,0,0
2026-06-23T23:34:08,2026-06-23T23:34:18,de4df84ce3e0041e6a811ef7fd5e47389c69f0ea9137e7f8676f995449a2282a,atk_2_02_recon_sensitive,anomaly-clean:latest,0,0,0,0,0,0,0,0,0,0,0,0,0,0,0,0,0,0,0,0,0,0,0,0,0,0,0,0,0,0,0,0,0,0,0
2026-06-23T23:34:08,2026-06-23T23:34:18,eebc244c6b144166203526e51249f9e76709631031d448862158772c8a9f5b4e,atk_5_05_crypto_mine,anomaly-clean:latest,0,0,0,0,0,0,0,0,0,0,0,0,0,0,0,0,0,0,0,0,0,0,0,0,0,0,0,0,0,0,0,0,0,0,0
2026-06-23T23:34:08,2026-06-23T23:34:18,9ce32967d320efd1ef0f3e45dfb20776139e3a0fcd49188f586a932b306cde13,atk_6_06_reverse_shell,anomaly-clean:latest,0,0,0,0,0,0,0,0,0,0,0,0,0,0,0,0,0,0,0,0,0,0,0,0,0,0,0,0,0,0,0,0,0,0,0
2026-06-23T23:34:08,2026-06-23T23:34:18,51e81cecdc070a402ec5515b6240127ea922e590c3379337b8d73956e72910c9,redis,redis:alpine,35,0,545,1731,0,30981985,24234,1324,1470,1544,146,0,0,0,49,98,0,0,98,49,97,49,1,0,613,0,1576,17120,1468,0,8,0,0,0,0
2026-06-23T23:34:08,2026-06-23T23:34:18,b795ac5b7d6027cda863cc09bce83186820ab4c7ce50cffacbfff6e54a3cda4b,nginx,nginx:alpine,0,0,35154,2387,0,9219209,500,31,62,0,31,0,0,0,0,0,0,0,31,0,62,0,0,0,0,0,0,283,9,0,2,0,0,0,0
2026-06-23T23:34:08,2026-06-23T23:34:18,ea4873036379229eab573e2ee9e512b9d9444594a357284701e478ccd8d3a81a,atk_3_03_net_scan,anomaly-clean:latest,0,0,0,0,0,0,0,0,0,0,0,0,0,0,0,0,0,0,0,0,0,0,0,0,0,0,0,0,0,0,0,0,0,0,0
2026-06-23T23:34:08,2026-06-23T23:34:18,433e4c4ed0ddb8c4ccca321df968a593ed96c3b407765005df827d973fb9da7b,atk_4_04_net_exfil,anomaly-clean:latest,0,0,0,0,0,0,0,0,0,0,0,0,0,0,0,0,0,0,0,0,0,0,0,0,0,0,0,0,0,0,0,0,0,0,0
2026-06-23T23:34:08,2026-06-23T23:34:18,f0d627f41bf9a89c6086e2e15b809f02693c37aa830965b62c461b16ee71fd4a,atk_7_07_priv_esc,anomaly-clean:latest,2,0,0,0,1,0,4156885,0,1,1,1,0,0,0,0,0,0,0,0,0,0,0,0,0,4156875,0,0,7,0,0,0,0,0,0,0
2026-06-23T23:34:08,2026-06-23T23:34:18,,,,0,0,207375,200848,7,13791231969,0,0,0,0,0,0,0,0,0,0,0,0,0,0,0,0,0,0,0,0,0,0,0,0,0,0,0,0,0
2026-06-23T23:34:08,2026-06-23T23:34:18,a6208cd1452e416dc1f93f23ac1231c925c18b8ecc8cb264ad5d8d3fcfdc7819,cid:a6208cd1452e,,0,0,615,2203,0,20022655,0,0,0,0,0,0,0,0,0,0,0,0,0,0,0,0,0,0,0,0,0,0,0,0,0,0,0,0,0
2026-06-23T23:34:08,2026-06-23T23:34:18,1d1fb25fa61345ba35b33838b4b982d01afbbf12f850a8a7cb43572c90ab7ffe,cid:1d1fb25fa613,,0,0,360,1372,0,3941297,0,0,0,0,0,0,0,0,0,0,0,0,0,0,0,0,0,0,0,0,0,0,0,0,0,0,0,0,0
2026-06-23T23:34:18,2026-06-23T23:34:28,ea4873036379229eab573e2ee9e512b9d9444594a357284701e478ccd8d3a81a,atk_3_03_net_scan,anomaly-clean:latest,0,0,0,0,0,0,0,0,0,0,0,0,0,0,0,0,0,0,0,0,0,0,0,0,0,0,0,0,0,0,0,0,0,0,0
2026-06-23T23:34:18,2026-06-23T23:34:28,433e4c4ed0ddb8c4ccca321df968a593ed96c3b407765005df827d973fb9da7b,atk_4_04_net_exfil,anomaly-clean:latest,0,0,0,0,0,0,0,0,0,0,0,0,0,0,0,0,0,0,0,0,0,0,0,0,0,0,0,0,0,0,0,0,0,0,0
2026-06-23T23:34:18,2026-06-23T23:34:28,f0d627f41bf9a89c6086e2e15b809f02693c37aa830965b62c461b16ee71fd4a,atk_7_07_priv_esc,anomaly-clean:latest,0,0,0,0,0,0,0,0,0,0,0,0,0,0,0,0,0,0,0,0,0,0,0,0,0,0,0,0,0,0,0,0,0,0,0
2026-06-23T23:34:18,2026-06-23T23:34:28,165ccf1fda64efad10210cd756e129371d06600d7d0ffa343ff62881ca0b7f58,atk_8_08_escape_probe,anomaly-clean:latest,1536,0,0,0,0,0,0,0,0,0,0,0,0,0,0,0,0,0,0,0,0,0,0,0,0,0,0,0,0,0,0,0,0,0,0
2026-06-23T23:34:18,2026-06-23T23:34:28,,,,0,0,320490,302843,2,14372069550,0,0,0,0,0,0,0,0,0,0,0,0,0,0,0,0,0,0,0,0,0,0,0,0,0,0,0,0,0
2026-06-23T23:34:18,2026-06-23T23:34:28,a6208cd1452e416dc1f93f23ac1231c925c18b8ecc8cb264ad5d8d3fcfdc7819,cid:a6208cd1452e,,0,0,353,1399,0,20690316,0,0,0,0,0,0,0,0,0,0,0,0,0,0,0,0,0,0,0,0,0,0,0,0,0,0,0,0,0
2026-06-23T23:34:18,2026-06-23T23:34:28,1d1fb25fa61345ba35b33838b4b982d01afbbf12f850a8a7cb43572c90ab7ffe,cid:1d1fb25fa613,,0,0,636,983,0,6383170,0,0,0,0,0,0,0,0,0,0,0,0,0,0,0,0,0,0,0,0,0,0,0,0,0,0,0,0,0
2026-06-23T23:34:18,2026-06-23T23:34:28,66f1c0c25b8b35cb95f8313520b170436793dff4dad6bb01535d6c5ec67c28dd,cid:66f1c0c25b8b,,0,0,0,0,0,0,0,0,0,0,0,0,0,0,0,0,0,0,0,0,0,0,0,0,0,0,0,0,0,0,0,0,0,0,0
2026-06-23T23:34:18,2026-06-23T23:34:28,d3567a7fa093d73cd35e0e03848edc3fe6ce4be4788ce7e2277cfa6bc8681a54,atk_1_01_recon_filescan,anomaly-clean:latest,0,0,0,0,0,0,0,0,0,0,0,0,0,0,0,0,0,0,0,0,0,0,0,0,0,0,0,0,0,0,0,0,0,0,0
2026-06-23T23:34:18,2026-06-23T23:34:28,de4df84ce3e0041e6a811ef7fd5e47389c69f0ea9137e7f8676f995449a2282a,atk_2_02_recon_sensitive,anomaly-clean:latest,0,0,0,0,0,0,0,0,0,0,0,0,0,0,0,0,0,0,0,0,0,0,0,0,0,0,0,0,0,0,0,0,0,0,0
2026-06-23T23:34:18,2026-06-23T23:34:28,eebc244c6b144166203526e51249f9e76709631031d448862158772c8a9f5b4e,atk_5_05_crypto_mine,anomaly-clean:latest,0,0,0,0,0,0,0,0,0,0,0,0,0,0,0,0,0,0,0,0,0,0,0,0,0,0,0,0,0,0,0,0,0,0,0
2026-06-23T23:34:18,2026-06-23T23:34:28,9ce32967d320efd1ef0f3e45dfb20776139e3a0fcd49188f586a932b306cde13,atk_6_06_reverse_shell,anomaly-clean:latest,0,0,0,0,0,0,0,0,0,0,0,0,0,0,0,0,0,0,0,0,0,0,0,0,0,0,0,0,0,0,0,0,0,0,0
2026-06-23T23:34:18,2026-06-23T23:34:28,51e81cecdc070a402ec5515b6240127ea922e590c3379337b8d73956e72910c9,redis,redis:alpine,49,0,572,1846,0,31147614,13516,724,805,846,81,0,0,0,27,54,0,0,54,27,54,27,0,0,347,0,864,9606,0,0,0,0,0,0,0
2026-06-23T23:34:18,2026-06-23T23:34:28,b795ac5b7d6027cda863cc09bce83186820ab4c7ce50cffacbfff6e54a3cda4b,nginx,nginx:alpine,0,0,36288,2464,0,9750092,258,16,32,0,16,0,0,0,0,0,0,0,16,0,32,0,0,0,0,0,0,146,0,0,0,0,0,0,0
2026-06-23T23:34:28,2026-06-23T23:34:38,433e4c4ed0ddb8c4ccca321df968a593ed96c3b407765005df827d973fb9da7b,atk_4_04_net_exfil,anomaly-clean:latest,0,0,0,0,0,0,0,0,0,0,0,0,0,0,0,0,0,0,0,0,0,0,0,0,0,0,0,0,0,0,0,0,0,0,0
2026-06-23T23:34:28,2026-06-23T23:34:38,f0d627f41bf9a89c6086e2e15b809f02693c37aa830965b62c461b16ee71fd4a,atk_7_07_priv_esc,anomaly-clean:latest,0,0,0,0,0,0,0,0,0,0,0,0,0,0,0,0,0,0,0,0,0,0,0,0,0,0,0,0,0,0,0,0,0,0,0
2026-06-23T23:34:28,2026-06-23T23:34:38,165ccf1fda64efad10210cd756e129371d06600d7d0ffa343ff62881ca0b7f58,atk_8_08_escape_probe,anomaly-clean:latest,2700,0,0,0,0,0,1164186,81687,132414,121236,36111,0,0,0,0,0,0,0,0,0,0,12037,12037,0,0,0,299198,469466,8183,0,1,0,0,0,0
2026-06-23T23:34:28,2026-06-23T23:34:38,,,,0,0,358612,313769,0,16129130155,0,0,0,0,0,0,0,0,0,0,0,0,0,0,0,0,0,0,0,0,0,0,0,0,0,0,0,0,0
2026-06-23T23:34:28,2026-06-23T23:34:38,a6208cd1452e416dc1f93f23ac1231c925c18b8ecc8cb264ad5d8d3fcfdc7819,cid:a6208cd1452e,,0,0,343,1638,0,17504122,0,0,0,0,0,0,0,0,0,0,0,0,0,0,0,0,0,0,0,0,0,0,0,0,0,0,0,0,0
2026-06-23T23:34:28,2026-06-23T23:34:38,1d1fb25fa61345ba35b33838b4b982d01afbbf12f850a8a7cb43572c90ab7ffe,cid:1d1fb25fa613,,0,0,859,13334,0,8357621,0,0,0,0,0,0,0,0,0,0,0,0,0,0,0,0,0,0,0,0,0,0,0,0,0,0,0,0,0
2026-06-23T23:34:28,2026-06-23T23:34:38,66f1c0c25b8b35cb95f8313520b170436793dff4dad6bb01535d6c5ec67c28dd,cid:66f1c0c25b8b,,0,0,0,0,0,0,0,0,0,0,0,0,0,0,0,0,0,0,0,0,0,0,0,0,0,0,0,0,0,0,0,0,0,0,0
2026-06-23T23:34:28,2026-06-23T23:34:38,d3567a7fa093d73cd35e0e03848edc3fe6ce4be4788ce7e2277cfa6bc8681a54,atk_1_01_recon_filescan,anomaly-clean:latest,0,0,0,0,0,0,0,0,0,0,0,0,0,0,0,0,0,0,0,0,0,0,0,0,0,0,0,0,0,0,0,0,0,0,0
2026-06-23T23:34:28,2026-06-23T23:34:38,de4df84ce3e0041e6a811ef7fd5e47389c69f0ea9137e7f8676f995449a2282a,atk_2_02_recon_sensitive,anomaly-clean:latest,0,0,0,0,0,0,0,0,0,0,0,0,0,0,0,0,0,0,0,0,0,0,0,0,0,0,0,0,0,0,0,0,0,0,0
2026-06-23T23:34:28,2026-06-23T23:34:38,eebc244c6b144166203526e51249f9e76709631031d448862158772c8a9f5b4e,atk_5_05_crypto_mine,anomaly-clean:latest,0,0,0,0,0,0,0,0,0,0,0,0,0,0,0,0,0,0,0,0,0,0,0,0,0,0,0,0,0,0,0,0,0,0,0
2026-06-23T23:34:28,2026-06-23T23:34:38,9ce32967d320efd1ef0f3e45dfb20776139e3a0fcd49188f586a932b306cde13,atk_6_06_reverse_shell,anomaly-clean:latest,0,0,0,0,0,0,0,0,0,0,0,0,0,0,0,0,0,0,0,0,0,0,0,0,0,0,0,0,0,0,0,0,0,0,0
2026-06-23T23:34:28,2026-06-23T23:34:38,51e81cecdc070a402ec5515b6240127ea922e590c3379337b8d73956e72910c9,redis,redis:alpine,41,0,550,1775,0,30415480,36698,2026,2251,2372,227,0,0,0,75,150,0,0,150,75,151,75,0,0,965,0,2408,25773,1444,0,9,0,0,0,0
2026-06-23T23:34:28,2026-06-23T23:34:38,b795ac5b7d6027cda863cc09bce83186820ab4c7ce50cffacbfff6e54a3cda4b,nginx,nginx:alpine,0,0,35154,2387,0,9593447,758,47,94,0,47,0,0,0,0,0,0,0,47,0,94,0,0,0,0,0,0,429,9,0,2,0,0,0,0
2026-06-23T23:34:28,2026-06-23T23:34:38,ea4873036379229eab573e2ee9e512b9d9444594a357284701e478ccd8d3a81a,atk_3_03_net_scan,anomaly-clean:latest,0,0,0,0,0,0,0,0,0,0,0,0,0,0,0,0,0,0,0,0,0,0,0,0,0,0,0,0,0,0,0,0,0,0,0
2026-06-23T23:34:38,2026-06-23T23:34:48,51e81cecdc070a402ec5515b6240127ea922e590c3379337b8d73956e72910c9,redis,redis:alpine,45,0,555,1819,0,30545156,12507,698,776,804,78,0,0,0,26,52,0,0,52,26,51,26,0,0,334,0,825,8759,0,0,0,0,0,0,0
2026-06-23T23:34:38,2026-06-23T23:34:48,b795ac5b7d6027cda863cc09bce83186820ab4c7ce50cffacbfff6e54a3cda4b,nginx,nginx:alpine,0,0,35154,2387,0,9537277,258,16,32,0,16,0,0,0,0,0,0,0,16,0,32,0,0,0,0,0,0,146,0,0,0,0,0,0,0
2026-06-23T23:34:38,2026-06-23T23:34:48,ea4873036379229eab573e2ee9e512b9d9444594a357284701e478ccd8d3a81a,atk_3_03_net_scan,anomaly-clean:latest,0,0,0,0,0,0,0,0,0,0,0,0,0,0,0,0,0,0,0,0,0,0,0,0,0,0,0,0,0,0,0,0,0,0,0
2026-06-23T23:34:38,2026-06-23T23:34:48,433e4c4ed0ddb8c4ccca321df968a593ed96c3b407765005df827d973fb9da7b,atk_4_04_net_exfil,anomaly-clean:latest,0,0,0,0,0,0,0,0,0,0,0,0,0,0,0,0,0,0,0,0,0,0,0,0,0,0,0,0,0,0,0,0,0,0,0
2026-06-23T23:34:38,2026-06-23T23:34:48,f0d627f41bf9a89c6086e2e15b809f02693c37aa830965b62c461b16ee71fd4a,atk_7_07_priv_esc,anomaly-clean:latest,0,0,0,0,0,0,0,0,0,0,0,0,0,0,0,0,0,0,0,0,0,0,0,0,0,0,0,0,0,0,0,0,0,0,0
2026-06-23T23:34:38,2026-06-23T23:34:48,165ccf1fda64efad10210cd756e129371d06600d7d0ffa343ff62881ca0b7f58,atk_8_08_escape_probe,anomaly-clean:latest,2215,0,0,0,0,0,391940,27494,44569,40814,12156,0,0,0,0,0,0,0,0,0,0,4052,4052,0,0,0,100758,158045,0,0,0,0,0,0,0
2026-06-23T23:34:38,2026-06-23T23:34:48,,,,0,0,299724,263176,0,16762802830,0,0,0,0,0,0,0,0,0,0,0,0,0,0,0,0,0,0,0,0,0,0,0,0,0,0,0,0,0
2026-06-23T23:34:38,2026-06-23T23:34:48,a6208cd1452e416dc1f93f23ac1231c925c18b8ecc8cb264ad5d8d3fcfdc7819,cid:a6208cd1452e,,0,0,188,1582,0,16772654,0,0,0,0,0,0,0,0,0,0,0,0,0,0,0,0,0,0,0,0,0,0,0,0,0,0,0,0,0
2026-06-23T23:34:38,2026-06-23T23:34:48,1d1fb25fa61345ba35b33838b4b982d01afbbf12f850a8a7cb43572c90ab7ffe,cid:1d1fb25fa613,,0,0,236,11228,0,2251197,0,0,0,0,0,0,0,0,0,0,0,0,0,0,0,0,0,0,0,0,0,0,0,0,0,0,0,0,0
2026-06-23T23:34:38,2026-06-23T23:34:48,66f1c0c25b8b35cb95f8313520b170436793dff4dad6bb01535d6c5ec67c28dd,cid:66f1c0c25b8b,,0,0,0,0,0,0,0,0,0,0,0,0,0,0,0,0,0,0,0,0,0,0,0,0,0,0,0,0,0,0,0,0,0,0,0
2026-06-23T23:34:38,2026-06-23T23:34:48,d3567a7fa093d73cd35e0e03848edc3fe6ce4be4788ce7e2277cfa6bc8681a54,atk_1_01_recon_filescan,anomaly-clean:latest,0,0,0,0,0,0,0,0,0,0,0,0,0,0,0,0,0,0,0,0,0,0,0,0,0,0,0,0,0,0,0,0,0,0,0
2026-06-23T23:34:38,2026-06-23T23:34:48,de4df84ce3e0041e6a811ef7fd5e47389c69f0ea9137e7f8676f995449a2282a,atk_2_02_recon_sensitive,anomaly-clean:latest,0,0,0,0,0,0,0,0,0,0,0,0,0,0,0,0,0,0,0,0,0,0,0,0,0,0,0,0,0,0,0,0,0,0,0
2026-06-23T23:34:38,2026-06-23T23:34:48,eebc244c6b144166203526e51249f9e76709631031d448862158772c8a9f5b4e,atk_5_05_crypto_mine,anomaly-clean:latest,0,0,0,0,0,0,0,0,0,0,0,0,0,0,0,0,0,0,0,0,0,0,0,0,0,0,0,0,0,0,0,0,0,0,0
2026-06-23T23:34:38,2026-06-23T23:34:48,9ce32967d320efd1ef0f3e45dfb20776139e3a0fcd49188f586a932b306cde13,atk_6_06_reverse_shell,anomaly-clean:latest,0,0,0,0,0,0,0,0,0,0,0,0,0,0,0,0,0,0,0,0,0,0,0,0,0,0,0,0,0,0,0,0,0,0,0
2026-06-23T23:34:48,2026-06-23T23:34:58,b795ac5b7d6027cda863cc09bce83186820ab4c7ce50cffacbfff6e54a3cda4b,nginx,nginx:alpine,0,0,13608,924,0,8159088,434,27,54,0,27,0,0,0,0,0,0,0,27,0,54,0,0,0,0,0,0,245,9,0,2,0,0,0,0
2026-06-23T23:34:48,2026-06-23T23:34:58,ea4873036379229eab573e2ee9e512b9d9444594a357284701e478ccd8d3a81a,atk_3_03_net_scan,anomaly-clean:latest,0,0,0,0,0,0,0,0,0,0,0,0,0,0,0,0,0,0,0,0,0,0,0,0,0,0,0,0,0,0,0,0,0,0,0
2026-06-23T23:34:48,2026-06-23T23:34:58,433e4c4ed0ddb8c4ccca321df968a593ed96c3b407765005df827d973fb9da7b,atk_4_04_net_exfil,anomaly-clean:latest,0,0,0,0,0,0,0,0,0,0,0,0,0,0,0,0,0,0,0,0,0,0,0,0,0,0,0,0,0,0,0,0,0,0,0
2026-06-23T23:34:48,2026-06-23T23:34:58,f0d627f41bf9a89c6086e2e15b809f02693c37aa830965b62c461b16ee71fd4a,atk_7_07_priv_esc,anomaly-clean:latest,0,0,0,0,0,0,0,0,0,0,0,0,0,0,0,0,0,0,0,0,0,0,0,0,0,0,0,0,0,0,0,0,0,0,0
2026-06-23T23:34:48,2026-06-23T23:34:58,165ccf1fda64efad10210cd756e129371d06600d7d0ffa343ff62881ca0b7f58,atk_8_08_escape_probe,anomaly-clean:latest,0,0,0,0,0,0,260610,18290,29649,27144,8085,0,0,0,0,0,0,0,0,0,0,2694,2694,0,0,0,66960,105094,0,0,0,0,0,0,0
2026-06-23T23:34:48,2026-06-23T23:34:58,,,,0,0,358099,340041,0,17761977376,0,0,0,0,0,0,0,0,0,0,0,0,0,0,0,0,0,0,0,0,0,0,0,0,0,0,0,0,0
2026-06-23T23:34:48,2026-06-23T23:34:58,a6208cd1452e416dc1f93f23ac1231c925c18b8ecc8cb264ad5d8d3fcfdc7819,cid:a6208cd1452e,,0,0,188,849,0,17119751,0,0,0,0,0,0,0,0,0,0,0,0,0,0,0,0,0,0,0,0,0,0,0,0,0,0,0,0,0
2026-06-23T23:34:48,2026-06-23T23:34:58,1d1fb25fa61345ba35b33838b4b982d01afbbf12f850a8a7cb43572c90ab7ffe,cid:1d1fb25fa613,,0,0,188,220,0,3986062,0,0,0,0,0,0,0,0,0,0,0,0,0,0,0,0,0,0,0,0,0,0,0,0,0,0,0,0,0
2026-06-23T23:34:48,2026-06-23T23:34:58,66f1c0c25b8b35cb95f8313520b170436793dff4dad6bb01535d6c5ec67c28dd,cid:66f1c0c25b8b,,0,0,0,0,0,0,0,0,0,0,0,0,0,0,0,0,0,0,0,0,0,0,0,0,0,0,0,0,0,0,0,0,0,0,0
2026-06-23T23:34:48,2026-06-23T23:34:58,d3567a7fa093d73cd35e0e03848edc3fe6ce4be4788ce7e2277cfa6bc8681a54,atk_1_01_recon_filescan,anomaly-clean:latest,0,0,0,0,0,0,0,0,0,0,0,0,0,0,0,0,0,0,0,0,0,0,0,0,0,0,0,0,0,0,0,0,0,0,0
2026-06-23T23:34:48,2026-06-23T23:34:58,de4df84ce3e0041e6a811ef7fd5e47389c69f0ea9137e7f8676f995449a2282a,atk_2_02_recon_sensitive,anomaly-clean:latest,0,0,0,0,0,0,0,0,0,0,0,0,0,0,0,0,0,0,0,0,0,0,0,0,0,0,0,0,0,0,0,0,0,0,0
2026-06-23T23:34:48,2026-06-23T23:34:58,eebc244c6b144166203526e51249f9e76709631031d448862158772c8a9f5b4e,atk_5_05_crypto_mine,anomaly-clean:latest,0,0,0,0,0,0,0,0,0,0,0,0,0,0,0,0,0,0,0,0,0,0,0,0,0,0,0,0,0,0,0,0,0,0,0
2026-06-23T23:34:48,2026-06-23T23:34:58,9ce32967d320efd1ef0f3e45dfb20776139e3a0fcd49188f586a932b306cde13,atk_6_06_reverse_shell,anomaly-clean:latest,0,0,0,0,0,0,0,0,0,0,0,0,0,0,0,0,0,0,0,0,0,0,0,0,0,0,0,0,0,0,0,0,0,0,0
2026-06-23T23:34:48,2026-06-23T23:34:58,51e81cecdc070a402ec5515b6240127ea922e590c3379337b8d73956e72910c9,redis,redis:alpine,15,0,237,737,0,29149971,23275,1249,1387,1460,138,0,0,0,46,92,0,0,92,46,92,46,0,0,590,0,1472,16565,1485,0,8,0,0,0,0
